<metadata xml:lang="en"><Esri><CreaDate>20170320</CreaDate><CreaTime>13003000</CreaTime><ArcGISFormat>1.0</ArcGISFormat><ArcGISstyle>FGDC CSDGM Metadata</ArcGISstyle><SyncOnce>FALSE</SyncOnce><DataProperties><itemProps><itemName Sync="TRUE">NYS_Property_Class_Codes</itemName><imsContentType Sync="TRUE">002</imsContentType><itemLocation><linkage Sync="TRUE">file://\\W322PW52\C$\temp\Parcels_By_County_1611\Westchester\NYS_Property_Class_Codes.dbf</linkage><protocol Sync="TRUE">Local Area Network</protocol></itemLocation><itemSize Sync="TRUE">0.000</itemSize></itemProps><lineage><Process Name="Table to Table (2)" ToolSource="c:\program files (x86)\arcgis\desktop10.5\ArcToolbox\Toolboxes\Conversion Tools.tbx\TableToTable" Date="20180822" Time="185457">TableToTable W:\GIS\Statewide_Parcel_Map_Program\Metadata_and_Data_Dictionary\Metadata_Template_GIS_2017\GIS_Template_Metadata\Metadata_for_Statewide_Files.gdb\NYS_Property_Class_Codes C:\temp\Parcels_By_County_1611\Westchester NYS_Property_Class_Codes.dbf # "CODE "CODE" true true false 255 Text 0 0 ,First,#,C:\temp\NYS_2015_Tax_Parcels_Agencies_2016_03.gdb\NYS_Property_Class_Codes,Code,-1,-1;DESCR "DESCR" true true false 255 Text 0 0 ,First,#,C:\temp\NYS_2015_Tax_Parcels_Agencies_2016_03.gdb\NYS_Property_Class_Codes,Description,-1,-1" #</Process></lineage></DataProperties><SyncDate>20180822</SyncDate><SyncTime>18545500</SyncTime><ModDate>20180822</ModDate><ModTime>18545500</ModTime></Esri><dataIdInfo><envirDesc Sync="TRUE"> Version 6.2 (Build 9200) ; Esri ArcGIS 10.5.1.7333</envirDesc><dataLang><languageCode value="eng" Sync="TRUE"></languageCode><countryCode value="USA" Sync="TRUE"></countryCode></dataLang><idCitation><resTitle Sync="TRUE">NYS_Property_Class_Codes</resTitle><presForm><PresFormCd value="011" Sync="TRUE"></PresFormCd></presForm></idCitation><spatRpType><SpatRepTypCd value="003" Sync="TRUE"></SpatRepTypCd></spatRpType></dataIdInfo><mdLang><languageCode value="eng" Sync="TRUE"></languageCode><countryCode value="USA" Sync="TRUE"></countryCode></mdLang><mdChar><CharSetCd value="004" Sync="TRUE"></CharSetCd></mdChar><distInfo><distFormat><formatName Sync="TRUE">dBASE Table</formatName></distFormat><distTranOps><transSize Sync="TRUE">0.000</transSize></distTranOps></distInfo><mdHrLv><ScopeCd value="007" Sync="TRUE"></ScopeCd></mdHrLv><mdHrLvName Sync="TRUE">dataset</mdHrLvName><eainfo><detailed Name="NYS_Property_Class_Codes"><enttyp><enttypl Sync="TRUE">NYS_Property_Class_Codes</enttypl><enttypt Sync="TRUE">Table</enttypt><enttypc Sync="TRUE">0</enttypc></enttyp><attr><attrlabl Sync="TRUE">OID</attrlabl><attalias Sync="TRUE">OID</attalias><attrtype Sync="TRUE">OID</attrtype><attwidth Sync="TRUE">4</attwidth><atprecis Sync="TRUE">0</atprecis><attscale Sync="TRUE">0</attscale><attrdef Sync="TRUE">Internal feature number.</attrdef><attrdefs Sync="TRUE">Esri</attrdefs><attrdomv><udom Sync="TRUE">Sequential unique whole numbers that are automatically generated.</udom></attrdomv></attr><attr><attrlabl Sync="TRUE">Code</attrlabl><attalias Sync="TRUE">CODE</attalias><attrtype Sync="TRUE">String</attrtype><attwidth Sync="TRUE">254</attwidth><atprecis Sync="TRUE">0</atprecis><attscale Sync="TRUE">0</attscale></attr><attr><attrlabl Sync="TRUE">DESCR</attrlabl><attalias Sync="TRUE">DESCR</attalias><attrtype Sync="TRUE">String</attrtype><attwidth Sync="TRUE">254</attwidth><atprecis Sync="TRUE">0</atprecis><attscale Sync="TRUE">0</attscale></attr></detailed></eainfo><mdDateSt Sync="TRUE">20180822</mdDateSt></metadata>
