Year,Variable,Unit,Commodity,Population,Production,Imports,Beginning stocks,Supply,Exports,Ending stocks,Shipments,Carcass Amount,Retail Amount,Boneless Amount,Pcc Carcass Amount,Pcc Retail Amount,Pcc Boneless Amount, 
1970,Red Meat Poultry Fish ,Pounds,Beef,205.052,21684,1792,352.895,23828.895,39.955,338.365,,23450.575,17353.4255,16368.50135,114.3640394,84.62938913,79.82609948,
1971,Red Meat Poultry Fish ,Pounds,Beef,207.661,21904,1734,338.365,23976.365,55.1187,365.972,,23555.2743,17430.90298,16441.58146,113.4313824,83.93922297,79.17510491,
1972,Red Meat Poultry Fish ,Pounds,Beef,209.896,22413,1960,365.972,24738.972,69.4633,476.94436,,24192.56434,17902.49761,16886.40991,115.2597684,85.29222859,80.45131832,
1973,Red Meat Poultry Fish ,Pounds,Beef,211.909,21278,1990,476.94436,23744.94436,106.559,580.0272,,23058.35816,17063.18504,16094.734,108.8125477,80.52128526,75.95115826,
1974,Red Meat Poultry Fish ,Pounds,Beef,213.854,23137,1615,580.0272,25332.0272,73.625,518.72364,,24739.67856,18307.36213,17268.29563,115.6848998,85.60682585,80.74806005,
1975,Red Meat Poultry Fish ,Pounds,Beef,215.973,23975,1758,518.72364,26251.72364,66.384,455.68688,,25729.65276,19039.94304,17959.29763,119.1336545,88.15890432,83.15529083,
1976,Red Meat Poultry Fish ,Pounds,Beef,218.035,25969,2073.2,455.68688,28497.88688,87.466,606.05408,71,27733.3668,20522.69143,19357.89003,127.1968574,94.12567447,88.78340645,
1977,Red Meat Poultry Fish ,Pounds,Beef,220.239,25279,1938.9,606.05408,27823.95408,97.592,411.65808,69,27245.704,20161.82096,19017.50139,123.7097154,91.54518936,86.34938132,
1978,Red Meat Poultry Fish ,Pounds,Beef,222.585,24241,2297.1,411.65808,26949.75808,160.241,528.65856,54,26206.85852,19393.0753,18292.38725,117.738655,87.12660469,82.18158118,
1979,Red Meat Poultry Fish ,Pounds,Beef,225.055,21447,2404.8,528.65856,24380.45856,166.61,458.88984,49,23705.95872,17542.40945,16546.75919,105.3340682,77.94721047,73.52317961,
1980,Red Meat Poultry Fish ,Pounds,Beef,227.726,21643,2064,458.88984,24165.88984,173.18,432.49224,47,23513.2176,17399.78102,16412.22588,103.2522312,76.40665108,72.07005737,
1981,Red Meat Poultry Fish ,Pounds,Beef,229.966,22389,1743,432.49224,24564.49224,215.921,335.46308,36,23977.10816,17743.06004,16736.0215,104.2637092,77.15514484,72.77606905,
1982,Red Meat Poultry Fish ,Pounds,Beef,232.188,22536,1939.4,335.46308,24810.86308,249.744,387.99192,55,24118.12716,17847.4141,16834.45276,103.8732715,76.8662209,72.5035435,
1983,Red Meat Poultry Fish ,Pounds,Beef,234.307,23243,1973.787,387.99192,25604.77892,272.0953,428.53336,40,24864.15026,18399.47119,17355.17688,106.1178294,78.52719378,74.07024494,
1984,Red Meat Poultry Fish ,Pounds,Beef,236.348,23598,1823.088,428.53336,25849.62136,328.7635,472.41452,47,25001.44334,18501.06807,17451.00745,105.7823351,78.27892799,73.83606991,
1985,Red Meat Poultry Fish ,Pounds,Beef,238.466,23728,2070.921,472.41452,26271.33552,328.1678,419.68616,51,25472.48156,18849.63635,17779.79213,106.8180854,79.04538322,74.55902363,
1986,Red Meat Poultry Fish ,Pounds,Beef,240.651,24371,2129.273,419.68616,26919.95916,520.8767,411.54624,52,25935.53622,18932.94144,17895.51999,107.7724016,78.67385318,74.36295711,
1987,Red Meat Poultry Fish ,Pounds,Beef,242.804,23566,2269,411.54624,26246.54624,601,385.57308,56,25203.97316,17894.82094,16886.66202,103.8037807,73.70068427,69.54853304,
1988,Red Meat Poultry Fish ,Pounds,Beef,245.021,23589,2380,385.57308,26354.57308,681,421.76192,64,25187.81116,17757.40687,16800.27004,102.7985812,72.47299973,68.56665365,
1989,Red Meat Poultry Fish ,Pounds,Beef,247.342,23087,2179.187403,421.76192,25687.94932,1135.19735,334.65916,61,24157.09281,17030.75043,16112.78091,97.66676429,68.85506882,65.14373178,
1990,Red Meat Poultry Fish ,Pounds,Beef,250.132,22743,2356.33279,334.65916,25433.99195,1006.343634,397.27072,69,23961.3776,16892.77121,15982.23886,95.79493066,67.53542612,63.89521875,
1991,Red Meat Poultry Fish ,Pounds,Beef,253.493,22917,2407.655082,397.27072,25721.9258,1188.521466,418.57708,69,24045.82726,16832.07908,15942.38347,94.8579537,66.40056759,62.8908233,
1992,Red Meat Poultry Fish ,Pounds,Beef,256.894,23086,2440.562591,418.57708,25945.13967,1323.787088,359.671,76,24185.68158,16929.97711,16035.10689,94.14654131,65.90257892,62.41915689,
1993,Red Meat Poultry Fish ,Pounds,Beef,260.255,23049.55,2401.71816,359.671,25810.93916,1275.01398,529.12088,62,23944.8043,16761.36301,15875.40525,92.00516532,64.40361572,60.99942461,
1994,Red Meat Poultry Fish ,Pounds,Beef,263.436,24386.2,2371.622159,529.12088,27286.94304,1610.797941,547.9516,58,25070.1935,17423.78448,16571.3979,95.16616369,66.14048377,62.9048342,
1995,Red Meat Poultry Fish ,Pounds,Beef,266.557,25222.1,2103.685918,547.9516,27873.73752,1820.811525,518.55496,67,25467.37103,17699.82287,16935.80174,95.54193299,66.40164343,63.53538544,
1996,Red Meat Poultry Fish ,Pounds,Beef,269.667,25524.9,2072.728776,518.55496,28116.18374,1878.216319,377.327,56,25804.64042,18063.24829,17263.30444,95.69076089,66.98353262,64.01711903,
1997,Red Meat Poultry Fish ,Pounds,Beef,272.912,25489.9,2344.225305,377.327,28211.4523,2135.68029,464.76312,62,25549.00889,17884.30623,17092.28695,93.61628985,65.53140289,62.62929791,
1998,Red Meat Poultry Fish ,Pounds,Beef,276.115,25760.45,2643.104659,464.76312,28868.31778,2170.641623,392.66504,71,26234.01112,18363.80778,17550.55344,95.01117693,66.50782385,63.56247736,
1999,Red Meat Poultry Fish ,Pounds,Beef,279.295,26493.45,2873.068,392.66504,29759.18304,2411.533,411.26084,79,26857.3892,18800.17244,17967.59337,96.16136773,67.31295741,64.33195501,
2000,Red Meat Poultry Fish ,Pounds,Beef,282.385,26888,3032.373,411.2608,30331.6338,2468.4,525.0809,92,27246.1529,19072.30703,18227.67629,96.48583636,67.54008545,64.54902452,
2001,Red Meat Poultry Fish ,Pounds,Beef,285.309019,26212,3163.356,525.0809,29900.4369,2269.283,606,107,26918.1539,18842.70773,18008.24496,94.34736411,66.04315488,63.11838659,
2002,Red Meat Poultry Fish ,Pounds,Beef,288.104818,27192,3217.598,606,31015.598,2447.704,691,95,27781.894,19447.3258,18586.08709,96.42981396,67.50086977,64.51154554,
2003,Red Meat Poultry Fish ,Pounds,Beef,290.819634,26339,3005.91,691,30035.91,2518.248,518,72,26927.662,18849.3634,18014.60588,92.59231101,64.81461771,61.94425607,
2004,Red Meat Poultry Fish ,Pounds,Beef,293.463185,24650,3679.232,518,28847.232,460.314,637,107,27642.918,19350.0426,18493.11214,94.19552234,65.93686564,63.01680445,
2005,Red Meat Poultry Fish ,Pounds,Beef,296.186216,24786.8,3598.509,637,29022.309,697.157,571,95.2374216,27658.91458,19361.2402,18503.81385,93.38353064,65.36847145,62.473582,
2006,Red Meat Poultry Fish ,Pounds,Beef,298.995825,26256.4,3084.666,571,29912.066,1144.875,630,82.43328705,28054.75771,19638.3304,18768.63291,93.82993128,65.6809519,62.77222403,
2007,Red Meat Poultry Fish ,Pounds,Beef,302.003917,26523.2,3052.163,630,30205.363,1433.964,630,99.00700636,28042.39199,19629.6744,18760.36024,92.85439829,64.9980788,62.11959245,
2008,Red Meat Poultry Fish ,Pounds,Beef,304.797761,26657.1,2538.146,630,29825.246,1996,642,132.8943297,27054.35167,18938.04617,18099.36127,88.76164832,62.13315382,59.38154273,
2009,Red Meat Poultry Fish ,Pounds,Beef,307.439406,26055.6,2626.157,642,29323.757,1934.755,565,133.0398331,26690.96217,18683.67352,17856.25369,86.81698457,60.7718892,58.08056268,
2010,Red Meat Poultry Fish ,Pounds,Beef,309.76667,26388.5,2297.923,565,29251.423,2299.607,585,126.9871178,26239.82888,18367.88022,17554.44552,84.70836737,59.29585716,56.66989777,
2011,Red Meat Poultry Fish ,Pounds,Beef,312.138672,26270.3,2056.525,585,28911.825,2785.059,600.2568,149.352756,25377.15644,17764.00951,16977.31766,81.30090476,56.91063333,54.39030528,
2012,Red Meat Poultry Fish ,Pounds,Beef,314.334945,25988.9,2219.783,600.2568,28808.9398,2452.499,608.2591,136.0465055,25612.13519,17928.49464,17134.51845,81.48039409,57.03627586,54.51038365,
2013,Red Meat Poultry Fish ,Pounds,Beef,316.505959,25790.3,2249.677,608.2591,28648.2361,2588.378,583.6618,139.4225724,25336.77373,17735.74161,16950.30162,80.05149037,56.03604326,53.55444705,
2014,Red Meat Poultry Fish ,Pounds,Beef,318.839403,24315.7,2946.883,583.6618,27846.2448,2573.754,590.7102,130.5689882,24551.21161,17185.84813,16424.76057,77.00181151,53.90126806,51.5142119,
2015,Red Meat Poultry Fish ,Pounds,Beef,321.132158,23760.4,3370.787,590.7102,27721.8972,2267.254,683.1521,103.6370584,24667.85404,17267.49783,16502.79435,76.81527193,53.77069035,51.38941692,
2016,Red Meat Poultry Fish ,Pounds,Beef,323.34877,25287.9,3014.637,683.1521,28985.6891,2555.699,756.6922,96.47314921,25576.82475,17903.77733,17110.89576,79.0998053,55.36986371,52.91776975,
1970,Red Meat Poultry Fish ,Pounds,Veal,205.052,588,24,9.89,621.89,0.503213,8.717,,612.669787,508.5159232,419.6788041,2.987875207,2.479936422,2.046694517,
1971,Red Meat Poultry Fish ,Pounds,Veal,207.661,547,22,8.717,577.717,1.751179,8.964,,567.001821,470.6115114,388.3962474,2.730420353,2.266248893,1.870337942,
1972,Red Meat Poultry Fish ,Pounds,Veal,209.896,458,36,8.964,502.964,1.986965,12.606,,488.371035,405.3479591,334.534159,2.326728642,1.931184773,1.59380912,
1973,Red Meat Poultry Fish ,Pounds,Veal,211.909,357,31,12.606,400.606,3.445283,11.566,,385.594717,320.0436151,264.1323811,1.81962407,1.510287978,1.246442488,
1974,Red Meat Poultry Fish ,Pounds,Veal,213.854,486,31,11.566,528.566,3.108999,13.548,,511.909001,424.8844708,350.6576657,2.393731242,1.986796931,1.639705901,
1975,Red Meat Poultry Fish ,Pounds,Veal,215.973,873,24,13.548,910.548,2.223999,10.55,,897.774001,745.1524208,614.9751907,4.156880726,3.450211002,2.847463297,
1976,Red Meat Poultry Fish ,Pounds,Veal,218.035,852,21.9,10.55,884.45,2.203,10.616,9,862.631,715.98373,590.902235,3.956387736,3.283801821,2.710125599,
1977,Red Meat Poultry Fish ,Pounds,Veal,220.239,833,23.9,10.616,867.516,2.3896,11.424,9,844.7024,701.102992,578.621144,3.835389736,3.183373481,2.627241969,
1978,Red Meat Poultry Fish ,Pounds,Veal,222.585,631,24.6,11.424,667.024,2.4631,9.093,4,651.4679,540.718357,446.2555115,2.926827504,2.429266828,2.00487684,
1979,Red Meat Poultry Fish ,Pounds,Veal,225.055,435,26.6,9.093,470.693,2.6497,10.251,2,455.7923,378.307609,312.2177255,2.025248495,1.680956251,1.387295219,
1980,Red Meat Poultry Fish ,Pounds,Veal,227.726,400,21.4,10.251,431.651,2.1462,9.37,1,419.1348,347.881884,287.107338,1.840522382,1.527633577,1.260757832,
1981,Red Meat Poultry Fish ,Pounds,Veal,229.966,435,18.2,9.37,462.57,1.796,9.325,1,450.449,373.87267,308.557565,1.958763469,1.62577368,1.341752977,
1982,Red Meat Poultry Fish ,Pounds,Veal,232.188,448,18.8,9.325,476.125,1.8757,7.362,2,464.8873,385.856459,318.4478005,2.002202095,1.661827739,1.371508435,
1983,Red Meat Poultry Fish ,Pounds,Veal,234.307,453,18.540319,7.362,478.902319,4.07085,9.06,1,464.771469,385.7603193,318.3684563,1.983600443,1.646388368,1.358766303,
1984,Red Meat Poultry Fish ,Pounds,Veal,236.348,495,24.10216,9.06,528.16216,5.663054,13.837,1,507.662106,421.359548,347.7485426,2.147943312,1.782792949,1.471341169,
1985,Red Meat Poultry Fish ,Pounds,Veal,238.466,515,19.695687,13.837,548.532687,3.629654,11.41,1,532.493033,441.9692174,364.7577276,2.232993521,1.853384623,1.529600562,
1986,Red Meat Poultry Fish ,Pounds,Veal,240.651,524,26.789043,11.41,562.199043,4.782295,6.968,1,549.448748,456.0424608,376.3723924,2.283176667,1.895036633,1.563976017,
1987,Red Meat Poultry Fish ,Pounds,Veal,242.804,430,24,6.968,460.968,7,4.157,1,448.811,372.51313,307.435535,1.848449778,1.534213316,1.266188098,
1988,Red Meat Poultry Fish ,Pounds,Veal,245.021,396,27,4.157,427.157,10,5.44,2,409.717,340.06511,280.656145,1.672170957,1.387901894,1.145437105,
1989,Red Meat Poultry Fish ,Pounds,Veal,247.342,355,,5.44,360.44,,3.933,,356.507,295.90081,244.207295,1.441352459,1.196322541,0.987326435,
1990,Red Meat Poultry Fish ,Pounds,Veal,250.132,327,,3.933,330.933,,5.509,,325.424,270.10192,222.91544,1.301009067,1.079837526,0.891191211,
1991,Red Meat Poultry Fish ,Pounds,Veal,253.493,306,,5.509,311.509,,6.694,,304.815,252.99645,208.798275,1.20245924,0.998041169,0.823684579,
1992,Red Meat Poultry Fish ,Pounds,Veal,256.894,310,,6.694,316.694,,5.227,,311.467,258.51761,213.354895,1.212433922,1.006320155,0.830517237,
1993,Red Meat Poultry Fish ,Pounds,Veal,260.255,285,,5.227,290.227,,4.488,,285.739,237.16337,195.731215,1.097919348,0.911273059,0.752074754,
1994,Red Meat Poultry Fish ,Pounds,Veal,263.436,293,,4.488,297.488,,6.702,,290.786,241.35238,199.18841,1.103820283,0.916170835,0.756116894,
1995,Red Meat Poultry Fish ,Pounds,Veal,266.557,319,,6.702,325.702,,6.908,,318.794,264.59902,218.37389,1.195969342,0.992654554,0.819239,
1996,Red Meat Poultry Fish ,Pounds,Veal,269.667,378,,6.908,384.908,,7.273,,377.635,313.43705,258.679975,1.400375278,1.16231148,0.959257065,
1997,Red Meat Poultry Fish ,Pounds,Veal,272.912,334,,7.273,341.273,,8.018,,333.255,276.60165,228.279675,1.221107903,1.013519559,0.836458913,
1998,Red Meat Poultry Fish ,Pounds,Veal,276.115,262,,8.018,270.018,,5.407,,264.611,219.62713,181.258535,0.9583362,0.795419046,0.656460297,
1999,Red Meat Poultry Fish ,Pounds,Veal,279.295,235,,5.407,240.407,,5.123,,235.284,195.28572,161.16954,0.842421096,0.69920951,0.577058451,
2000,Red Meat Poultry Fish ,Pounds,Veal,282.385,225,,5.123,230.123,,4.723,,225.4,187.082,154.399,0.798201038,0.662506861,0.546767711,
2001,Red Meat Poultry Fish ,Pounds,Veal,285.309019,205,,4.723,209.723,,6,,203.723,169.09009,139.550255,0.714043323,0.592655958,0.489119676,
2002,Red Meat Poultry Fish ,Pounds,Veal,288.104818,205.3,,6,211.3,,7,,204.3,169.569,139.9455,0.709116916,0.58856704,0.485745087,
2003,Red Meat Poultry Fish ,Pounds,Veal,290.819634,201.6,,7,208.6,,5,,203.6,168.988,139.466,0.700090283,0.581074935,0.479561844,
2004,Red Meat Poultry Fish ,Pounds,Veal,293.463185,176,,5,181,,4,,177,146.91,121.245,0.603142094,0.500607938,0.413152335,
2005,Red Meat Poultry Fish ,Pounds,Veal,296.186216,165,,4,169,,5.1,,163.9,136.037,112.2715,0.553368088,0.459295513,0.37905714,
2006,Red Meat Poultry Fish ,Pounds,Veal,298.995825,155.6,,5.1,160.7,,6,,154.7,128.401,105.9695,0.517398529,0.429440779,0.354417992,
2007,Red Meat Poultry Fish ,Pounds,Veal,302.003917,145.5,,6,151.5,,7,,144.5,119.935,98.9825,0.478470615,0.397130611,0.327752372,
2008,Red Meat Poultry Fish ,Pounds,Veal,304.797761,151.8,,7,158.8,,9.194,,149.606,124.17298,102.48011,0.490836939,0.407394659,0.336223303,
2009,Red Meat Poultry Fish ,Pounds,Veal,307.439406,146.8,,9.194,155.994,,8.96,,147.034,122.03822,100.71829,0.478253591,0.396950481,0.32760371,
2010,Red Meat Poultry Fish ,Pounds,Veal,309.76667,142.6,,8.96,151.56,,3.866,,147.694,122.58602,101.17039,0.476791128,0.395736636,0.326601923,
2011,Red Meat Poultry Fish ,Pounds,Veal,312.138672,136.3,,3.866,140.166,,2.881,,137.285,113.94655,94.040225,0.439820542,0.36505105,0.301277071,
2012,Red Meat Poultry Fish ,Pounds,Veal,314.334945,124.9,,2.881,127.781,,5.221,,122.56,101.7248,83.9536,0.389902561,0.323619125,0.267083254,
2013,Red Meat Poultry Fish ,Pounds,Veal,316.505959,117.3,,5.221,122.521,,3.957,,118.564,98.40812,81.21634,0.374602742,0.310920276,0.256602878,
2014,Red Meat Poultry Fish ,Pounds,Veal,318.839403,100.1,,3.957,104.057,,6.435,,97.622,81.02626,66.87107,0.306179221,0.254128753,0.209732766,
2015,Red Meat Poultry Fish ,Pounds,Veal,321.132158,87.8,,6.435,94.235,,6.235,,88,73.04,60.28,0.274030482,0.2274453,0.18771088,
2016,Red Meat Poultry Fish ,Pounds,Veal,323.34877,81.1,,6.235,87.335,,14.426,,72.909,60.51447,49.942665,0.225480988,0.18714922,0.154454477,
1970,Red Meat Poultry Fish ,Pounds,Lamb,205.052,551,122,16.134,689.134,1.134856,19.336,,668.663144,595.1101982,439.9803488,3.260944268,2.902240398,2.145701328,
1971,Red Meat Poultry Fish ,Pounds,Lamb,207.661,555,103,19.336,677.336,1.381328,19.26,,656.694672,584.4582581,432.1050942,3.162339929,2.814482537,2.080819673,
1972,Red Meat Poultry Fish ,Pounds,Lamb,209.896,543,148,19.26,710.26,1.372942,15.704,,693.183058,616.9329216,456.1144522,3.302507232,2.939231437,2.173049759,
1973,Red Meat Poultry Fish ,Pounds,Lamb,211.909,512,53,15.704,580.704,1.837911,15.034,,563.832089,501.8105592,371.0015146,2.66072743,2.368047413,1.750758649,
1974,Red Meat Poultry Fish ,Pounds,Lamb,213.854,464,26,15.034,505.034,2.693001,13.69,,488.650999,434.8993891,321.5323573,2.284974791,2.033627564,1.503513413,
1975,Red Meat Poultry Fish ,Pounds,Lamb,215.973,411,27,13.69,451.69,3.05,11.785,,436.855,388.80095,287.45059,2.022729693,1.800229427,1.330956138,
1976,Red Meat Poultry Fish ,Pounds,Lamb,218.035,371,36.3,11.785,419.085,3.834,14.535,3,397.716,353.96724,261.697128,1.824092462,1.623442291,1.20025284,
1977,Red Meat Poultry Fish ,Pounds,Lamb,220.239,350,22.5,14.535,387.035,4.595,10.096,2,370.344,329.60616,243.686352,1.681555038,1.496583984,1.106463215,
1978,Red Meat Poultry Fish ,Pounds,Lamb,222.585,310,39.3,10.096,359.396,3.224,11.716,1,343.456,305.67584,225.994048,1.543032999,1.373299369,1.015315713,
1979,Red Meat Poultry Fish ,Pounds,Lamb,225.055,291,44.3,11.716,347.016,1.367,10.751,2,332.898,296.27922,219.046884,1.479185088,1.316474728,0.973303788,
1980,Red Meat Poultry Fish ,Pounds,Lamb,227.726,318,33.2,10.751,361.951,1.473,9.142,3,348.336,310.01904,229.205088,1.52962771,1.361368662,1.006495034,
1981,Red Meat Poultry Fish ,Pounds,Lamb,229.966,338,31.1,9.142,378.242,2.427,10.54,3,362.275,322.42475,238.37695,1.575341572,1.402053999,1.036574755,
1982,Red Meat Poultry Fish ,Pounds,Lamb,232.188,365,21,10.54,396.54,1.724,8.653,2,384.163,341.90507,252.779254,1.654534257,1.472535488,1.088683541,
1983,Red Meat Poultry Fish ,Pounds,Lamb,234.307,375,18.1,8.653,401.753,1.392,10.701,2,387.66,345.0174,255.08028,1.654496024,1.472501462,1.088658384,
1984,Red Meat Poultry Fish ,Pounds,Lamb,236.348,379,19.998,10.701,409.699,1.937,7.066,3,397.696,353.94944,261.683968,1.682671315,1.497577471,1.107197725,
1985,Red Meat Poultry Fish ,Pounds,Lamb,238.466,359,36.46,7.066,402.526,1.013,12.765,2,386.748,344.20572,254.480184,1.621816108,1.443416336,1.067154999,
1986,Red Meat Poultry Fish ,Pounds,Lamb,240.651,338,41.138,12.765,391.903,1.229555,12.603,2,376.070445,334.7026961,247.4543528,1.562721306,1.390821962,1.028270619,
1987,Red Meat Poultry Fish ,Pounds,Lamb,242.804,315,44.034,12.603,371.637,1.472247,7.949,2,360.215753,320.5920202,237.0219655,1.483565975,1.320373718,0.976186412,
1988,Red Meat Poultry Fish ,Pounds,Lamb,245.021,335,51.2,7.949,394.149,1.363933,6.115,1,385.670067,343.2463596,253.7709041,1.574028622,1.400885474,1.035710833,
1989,Red Meat Poultry Fish ,Pounds,Lamb,247.342,347,46.35474946,6.115,399.4697495,4.808643816,7.625,1,386.0361056,343.572134,254.0117575,1.560738191,1.38905699,1.02696573,
1990,Red Meat Poultry Fish ,Pounds,Lamb,250.132,363,40.76061064,7.625,411.3856106,5.709589404,8.414,,396.7940212,353.1466789,261.090466,1.586338498,1.411841263,1.043810732,
1991,Red Meat Poultry Fish ,Pounds,Lamb,253.493,363,41.07409907,8.414,412.4880991,9.394394439,6.296,,396.4677046,352.8562571,260.8757497,1.564018354,1.391976335,1.029124077,
1992,Red Meat Poultry Fish ,Pounds,Lamb,256.894,348,49.86841939,6.296,404.1644194,7.834164225,7.864,1,387.4662552,344.8449671,254.9527959,1.508272888,1.34236287,0.99244356,
1993,Red Meat Poultry Fish ,Pounds,Lamb,260.255,337,52.83327619,7.864,397.6972762,8.341602952,8.372,1,379.9836732,338.1854692,250.029257,1.4600437,1.299438893,0.960708755,
1994,Red Meat Poultry Fish ,Pounds,Lamb,263.436,308,49.40537602,8.372,365.777376,8.552122219,10.913,,346.0462538,307.9811659,227.698435,1.313587565,1.169092933,0.864340618,
1995,Red Meat Poultry Fish ,Pounds,Lamb,266.557,285,63.54092647,10.913,359.4539265,5.94955757,7.606,,345.6323689,307.6128083,227.4260987,1.296654633,1.154022623,0.853198748,
1996,Red Meat Poultry Fish ,Pounds,Lamb,269.667,268,72.4526669,7.606,348.0586669,5.676963115,8.899,1,332.1527038,295.6159064,218.5564791,1.231714314,1.096225739,0.810468018,
1997,Red Meat Poultry Fish ,Pounds,Lamb,272.912,260,83.03527517,8.899,351.9342752,5.789783058,13.741,,332.2805471,295.7296869,218.6406,1.217537327,1.083608221,0.801139561,
1998,Red Meat Poultry Fish ,Pounds,Lamb,276.115,251,112.3236528,13.741,377.0646528,5.759844644,11.721,,359.4418731,319.9032671,236.5127525,1.301783218,1.158587064,0.856573357,
1999,Red Meat Poultry Fish ,Pounds,Lamb,279.295,248,112.3264149,11.721,372.0474149,5.262927343,8.74,,357.9756136,318.5982961,235.5479537,1.281711501,1.140723236,0.843366167,
2000,Red Meat Poultry Fish ,Pounds,Lamb,282.385,234,129.544,8.74,372.284,4.9032,13.455,,353.769256,314.8546378,232.7801704,1.252790538,1.114983579,0.824336174,
2001,Red Meat Poultry Fish ,Pounds,Lamb,285.309019,227,145.726,13.455,386.181,6.5115,12,,367.606827,327.170076,241.8852922,1.288451477,1.146721815,0.847801072,
2002,Red Meat Poultry Fish ,Pounds,Lamb,288.104818,223.1,159.9329,12,395.0329,7.1013,7,,380.868927,338.973345,250.611754,1.321980415,1.17656257,0.869863113,
2003,Red Meat Poultry Fish ,Pounds,Lamb,290.819634,203,167.7416,7,377.7416,6.5962,4,,367.082727,326.703627,241.5404344,1.262235022,1.123389169,0.830550644,
2004,Red Meat Poultry Fish ,Pounds,Lamb,293.463185,199.5,180.8513,4,384.3513,8.3723,3.4,,372.516327,331.539531,245.1157432,1.2693801,1.129748289,0.835252106,
2005,Red Meat Poultry Fish ,Pounds,Lamb,296.186216,191.4,180.2167,3.4,375.0167,9.2654,10,1.170205988,354.518421,315.5213947,233.273121,1.196944361,1.065280481,0.787589389,
2006,Red Meat Poultry Fish ,Pounds,Lamb,298.995825,189.6,190.3663,10,389.9663,18.2101,15.769,1.35959,354.564937,315.5627939,233.3037285,1.185852468,1.055408697,0.780290924,
2007,Red Meat Poultry Fish ,Pounds,Lamb,302.003917,188.8,202.647,15.769,407.216,9.425,12.694,0.240707973,384.793619,342.4663209,253.1942013,1.274134531,1.133979732,0.838380521,
2008,Red Meat Poultry Fish ,Pounds,Lamb,304.797761,180,183.289,12.694,375.983,12.239,21.001,0.397170498,342.2831565,304.6320093,225.222317,1.122984484,0.999456191,0.738923791,
2009,Red Meat Poultry Fish ,Pounds,Lamb,307.439406,177.2,171.166,21.001,369.367,16.239,14.519,0.4348913,338.1114357,300.9191778,222.4773247,1.099766097,0.978791827,0.723646092,
2010,Red Meat Poultry Fish ,Pounds,Lamb,309.76667,168.2,165.603,14.519,348.322,16.078,15.206,0.97365165,316.0016753,281.2414911,207.9291024,1.02012807,0.907913983,0.67124427,
2011,Red Meat Poultry Fish ,Pounds,Lamb,312.138672,153.3,162.051,15.206,330.557,18.815,16.857,0.891192446,293.9311346,261.5987098,193.4066865,0.941668434,0.838084907,0.61961783,
2012,Red Meat Poultry Fish ,Pounds,Lamb,314.334945,160.95,153.684,16.857,331.491,10.638,21.379,0.283565019,299.127762,266.2237082,196.8260674,0.951621087,0.846942767,0.626166675,
2013,Red Meat Poultry Fish ,Pounds,Lamb,316.505959,160.95,173.127,21.379,355.456,7.239,24.508,0.535407689,323.1109193,287.5687182,212.6069849,1.02086836,0.90857284,0.671731381,
2014,Red Meat Poultry Fish ,Pounds,Lamb,318.839403,161,194.872,24.508,380.38,6.733,33.942,0.534653142,339.1076739,301.8058297,223.1328494,1.063568902,0.946576323,0.699828338,
2015,Red Meat Poultry Fish ,Pounds,Lamb,321.132158,155.4,213.723,33.942,403.065,4.474,41.452,0.126488924,356.9498381,317.6853559,234.8729935,1.111535638,0.989266718,0.73139045,
2016,Red Meat Poultry Fish ,Pounds,Lamb,323.34877,155.4,215.918,41.452,412.77,5.42,26.14,0.116347979,381.030979,339.1175713,250.7183842,1.178390068,1.04876716,0.775380665,
1970,Red Meat Poultry Fish ,Pounds,Pork,205.052,14699,491,244.124,15434.124,82.933361,394.365,,14956.82564,11441.97161,9946.28905,72.9416228,55.80034144,48.50617916,
1971,Red Meat Poultry Fish ,Pounds,Pork,207.661,16006,496,394.365,16896.365,88.111446,390.958,,16417.29555,12575.64839,10999.58802,79.05815514,60.55854684,52.96896394,
1972,Red Meat Poultry Fish ,Pounds,Pork,209.896,14422,538,390.958,15350.958,132.867802,258.457,,14959.6332,11474.03866,10097.75241,71.271645,54.66535171,48.10836037,
1973,Red Meat Poultry Fish ,Pounds,Pork,211.909,13223,533,258.457,14014.457,214.783459,348.209,,13451.46454,10330.72477,9146.995888,63.47755188,48.75075984,43.16473528,
1974,Red Meat Poultry Fish ,Pounds,Pork,213.854,14331,488,348.209,15167.209,126.959001,379.684,,14660.566,11273.97525,10042.48771,68.5540883,52.7180939,46.95955048,
1975,Red Meat Poultry Fish ,Pounds,Pork,215.973,11779,439,379.684,12597.684,265.104,300.217,,12032.363,9264.91951,8302.33047,55.7123483,42.89850819,38.44152033,
1976,Red Meat Poultry Fish ,Pounds,Pork,218.035,12688,469,300.217,13457.217,316.177,274.0285,106,12761.0115,9838.739867,8868.902993,58.52735341,45.12458948,40.67651062,
1977,Red Meat Poultry Fish ,Pounds,Pork,220.239,13248,439.7,274.0285,13961.7285,293.847,245.652,105,13317.2295,10280.90117,9308.743421,60.46717203,46.6806568,42.26655325,
1978,Red Meat Poultry Fish ,Pounds,Pork,222.585,13393,495.2,245.652,14133.852,287.657,310.496,133,13402.699,10360.28633,9422.097397,60.2138464,46.54530326,42.33033402,
1979,Red Meat Poultry Fish ,Pounds,Pork,225.055,15451,499.6,310.496,16261.096,290.665,354.6625,158,15457.7685,11964.31282,10928.64233,68.68440381,53.16172855,48.5598735,
1980,Red Meat Poultry Fish ,Pounds,Pork,227.726,16617,549.7,354.6625,17521.3625,251.858,431.393,154,16684.1115,12930.18641,11862.40328,73.26397293,56.77957902,52.09068475,
1981,Red Meat Poultry Fish ,Pounds,Pork,229.966,15873,541.5,431.393,16845.893,307.055,335.538,145,16058.3,12461.2408,11481.6845,69.8290182,54.18731813,49.92774801,
1982,Red Meat Poultry Fish ,Pounds,Pork,232.188,14229,612.4,335.538,15176.938,214.289,283.675,151,14527.974,11288.2358,10416.55736,62.56987441,48.61679242,44.86259995,
1983,Red Meat Poultry Fish ,Pounds,Pork,234.307,15199,706.88,283.675,16189.555,219.306,375.4345,142,15452.8145,12022.28968,11110.57363,65.95114316,51.30998938,47.41887193,
1984,Red Meat Poultry Fish ,Pounds,Pork,236.348,14812,953.919,375.4345,16141.3535,163.88,347.8725,147,15482.601,12060.94618,11162.95532,65.50764551,51.03045585,47.23101241,
1985,Red Meat Poultry Fish ,Pounds,Pork,238.466,14807,1127.75,347.8725,16282.6225,128.391,288.918,132,15733.3135,12271.98453,11375.18566,65.97717704,51.46219809,47.701499,
1986,Red Meat Poultry Fish ,Pounds,Pork,240.651,14063,1121.588,288.918,15473.506,85.665,252.8005,132,15003.0405,11687.36855,10877.20436,62.34356184,48.56563467,45.19908233,
1987,Red Meat Poultry Fish ,Pounds,Pork,242.804,14373,1195.125735,252.8005,15820.92624,109.31239,360.026,127,15224.58785,11844.72934,11068.27536,62.7032003,48.78308983,45.58522662,
1988,Red Meat Poultry Fish ,Pounds,Pork,245.021,15684,1137.231169,360.026,17181.25717,195.231296,437.177,126,16422.84887,12760.55357,11955.83398,67.02629111,52.07942819,48.79513992,
1989,Red Meat Poultry Fish ,Pounds,Pork,247.342,15813,895.7646851,437.177,17145.94169,268.3134147,312.694,143,16421.93427,12743.42099,11971.59008,66.3936342,51.52146014,48.40095933,
1990,Red Meat Poultry Fish ,Pounds,Pork,250.132,15354,897.9660677,312.694,16564.66007,243.0731196,296.2425,113,15912.34445,12347.97929,11600.0991,63.61578866,49.365852,46.37590993,
1991,Red Meat Poultry Fish ,Pounds,Pork,253.493,15999,774.8807895,296.2425,17070.12329,289.7903448,388.12,131,16261.21294,12618.70125,11854.42424,64.14856799,49.77928876,46.76430606,
1992,Red Meat Poultry Fish ,Pounds,Pork,256.894,17233,645.5302066,388.12,18266.65021,419.8666218,385.076,145,17316.70758,13437.76509,12623.87983,67.40798767,52.30859843,49.14042301,
1993,Red Meat Poultry Fish ,Pounds,Pork,260.255,17087.7,740.2566499,385,18212.95665,446.4343156,350,103,17313.52233,13435.29333,12621.55778,66.52522462,51.62357431,48.49688875,
1994,Red Meat Poultry Fish ,Pounds,Pork,263.436,17696,743.8054412,350,18789.80544,548.5412298,424,114,17703.26421,13737.73303,12905.67961,67.20138558,52.14827521,48.98981009,
1995,Red Meat Poultry Fish ,Pounds,Pork,266.557,17849,664.2879985,424,18937.288,787.4660107,379,86,17684.82199,13723.42186,12892.23523,66.34536699,51.48400478,48.36577253,
1996,Red Meat Poultry Fish ,Pounds,Pork,269.667,17117,619.7313925,379,18115.73139,969.9072988,349,70,16726.82409,12980.0155,12193.85476,62.02770118,48.13349611,45.21819416,
1997,Red Meat Poultry Fish ,Pounds,Pork,272.912,17274,634.0592735,349,18257.05927,1043.615158,393,75,16745.44412,12994.46463,12207.42876,61.35840167,47.61411969,44.73027481,
1998,Red Meat Poultry Fish ,Pounds,Pork,276.115,19010,705.3922226,393,20108.39222,1230.123807,538,62,18278.26842,14183.93629,13324.85768,66.19802769,51.36966949,48.25836219,
1999,Red Meat Poultry Fish ,Pounds,Pork,279.295,19308,827.1135841,538,20673.11358,1283.12,461,54,18874.99358,14646.99502,13759.87032,67.5808503,52.44273983,49.26643987,
2000,Red Meat Poultry Fish ,Pounds,Pork,282.385,18952,965.488,461,20378.488,1286.662,453,140,18498.826,14355.08898,13485.64415,65.50923739,50.83516821,47.75623406,
2001,Red Meat Poultry Fish ,Pounds,Pork,285.309019,19160,950.744,453,20563.744,1539.3107,513,114,18397.4333,14276.40824,13411.72888,64.48248066,50.03840499,47.0077284,
2002,Red Meat Poultry Fish ,Pounds,Pork,288.104818,19685,1070.727,513,21268.727,1612.228,514,99,19043.499,14777.75522,13882.71077,66.09920352,51.29298193,48.18631937,
2003,Red Meat Poultry Fish ,Pounds,Pork,290.819634,19966,1185.202,514,21665.202,1716.697,506,101,19341.505,15009.00788,14099.95715,66.50687484,51.60933488,48.48351176,
2004,Red Meat Poultry Fish ,Pounds,Pork,293.463185,20530.6,1099.465,506,22136.065,2180.533,510,149,19296.532,14974.10883,14067.17183,65.75452386,51.02551052,47.93504789,
2005,Red Meat Poultry Fish ,Pounds,Pork,296.186216,20705.3,1023.847,510,22239.147,2666.115,480,193.5930381,18899.43896,14665.96463,13777.691,63.809313,49.51602689,46.51698917,
2006,Red Meat Poultry Fish ,Pounds,Pork,298.995825,21073.5,989.678,480,22543.178,2995.096,493,190.1036733,18864.97833,14639.22318,13752.5692,63.094454,48.9612963,45.99585697,
2007,Red Meat Poultry Fish ,Pounds,Pork,302.003917,21962.1,968.438,493,23423.538,3141.182,519,204.0223688,19559.33363,15178.0429,14258.75422,64.76516538,50.25776834,47.21380557,
2008,Red Meat Poultry Fish ,Pounds,Pork,304.797761,23366.6,831.884,519,24717.484,4651.4635,634.5374,220.4197347,19211.06337,14907.78517,14004.86519,63.02888611,48.91041562,45.94805798,
2009,Red Meat Poultry Fish ,Pounds,Pork,307.439406,23020,833.767,634.5374,24488.3044,4094.1117,525.4655,235.2433944,19633.48381,15235.58343,14312.80969,63.86131193,49.55637806,46.5548964,
2010,Red Meat Poultry Fish ,Pounds,Pork,309.76667,22455.5,859.49,525.4655,23840.4555,4222.531,540.9973,231.4697864,18845.45741,14624.07495,13738.33845,60.83758919,47.20996921,44.35060252,
2011,Red Meat Poultry Fish ,Pounds,Pork,312.138672,22775.3,803.427,540.9973,24119.7243,5196.072,542.0381,253.0813201,18128.53288,14067.74151,13215.70047,58.07845841,45.06888373,42.33919618,
2012,Red Meat Poultry Fish ,Pounds,Pork,314.334945,23267.9,801.684,542.0381,24611.6221,5379.359,624.9609,257.2919567,18350.01024,14239.60795,13377.15747,58.37725183,45.30074742,42.55701658,
2013,Red Meat Poultry Fish ,Pounds,Pork,316.505959,23202.7,879.598,624.9609,24707.2589,4985.966,617.5214,233.4513366,18870.32016,14643.36845,13756.4634,59.62074213,46.26569589,43.46352101,
2014,Red Meat Poultry Fish ,Pounds,Pork,318.839403,22858,1011.137,617.5214,24486.6584,5091.665,558.6111,219.9504414,18616.43186,14446.35112,13571.37882,58.38811541,45.30917756,42.56493613,
2015,Red Meat Poultry Fish ,Pounds,Pork,321.132158,24516.8,1115.578,558.6111,26190.9891,5009.862,589.521,211.9455494,20379.66055,15814.61659,14856.77254,63.46191137,49.24644323,46.26373339,
2016,Red Meat Poultry Fish ,Pounds,Pork,323.34877,24956.6,1091.497,589.521,26637.618,5239.394,507.1261,222.4472349,20668.65067,16038.87292,15067.44633,63.92061014,49.60239347,46.59812479,
1970,Red Meat Poultry Fish ,Pounds,Chicken (broilers),205.052,7686.587425,,82,7768.587425,93.707,112,85,7477.880425,7477.880425,5107.392331,36.46821502,36.46821502,24.90779086,
1971,Red Meat Poultry Fish ,Pounds,Chicken (broilers),207.661,7723.561384,,112,7835.561384,100.543,103,96,7536.018384,7536.018384,5139.564538,36.29000334,36.29000334,24.74978228,
1972,Red Meat Poultry Fish ,Pounds,Chicken (broilers),209.896,8146.838474,,103,8249.838474,94.12,76,104,7975.718474,7975.718474,5439.439999,37.99843005,37.99843005,25.91492929,
1973,Red Meat Poultry Fish ,Pounds,Chicken (broilers),211.909,7961.659,,76,8037.659,93.798,100,99,7744.861,7744.861,5274.250341,36.54805129,36.54805129,24.88922293,
1974,Red Meat Poultry Fish ,Pounds,Chicken (broilers),213.854,8034.33904,,100,8134.33904,115.342,121,107,7790.99704,7790.99704,5305.668984,36.43138328,36.43138328,24.80977201,
1975,Red Meat Poultry Fish ,Pounds,Chicken (broilers),215.973,8019.67296,,121,8140.67296,137.731,75,116,7811.94196,7811.94196,5312.120533,36.17091933,36.17091933,24.59622514,
1976,Red Meat Poultry Fish ,Pounds,Chicken (broilers),218.035,9012.07096,,75,9087.07096,287.408,112,127,8560.66296,8560.66296,5821.250813,39.26279249,39.26279249,26.69869889,
1977,Red Meat Poultry Fish ,Pounds,Chicken (broilers),220.239,9279.454,,112,9391.454,313.287,110,128,8840.167,8840.167,6002.473393,40.13897175,40.13897175,27.25436182,
1978,Red Meat Poultry Fish ,Pounds,Chicken (broilers),222.585,9902.015,,110,10012.015,331.137,86,126,9468.878,9468.878,6419.899284,42.54050363,42.54050363,28.84246146,
1979,Red Meat Poultry Fish ,Pounds,Chicken (broilers),225.055,10926.34496,,86,11012.34496,402.002,112,144,10354.34296,10209.38216,7040.953213,46.00805563,45.36394285,31.28547783,
1980,Red Meat Poultry Fish ,Pounds,Chicken (broilers),227.726,11251.96504,,112,11363.96504,567.05,115,155,10526.91504,10284.79599,7105.667652,46.22623258,45.16302923,31.20270699,
1981,Red Meat Poultry Fish ,Pounds,Chicken (broilers),229.966,11868.1044,,115,11983.1044,719.144,120,154,10989.9604,10627.29171,7352.283508,47.78950106,46.21244752,31.97117621,
1982,Red Meat Poultry Fish ,Pounds,Chicken (broilers),232.188,11995.69304,,120,12115.69304,501.009,117,147,11350.68404,10783.14984,7468.750098,48.88574793,46.44146053,32.16682214,
1983,Red Meat Poultry Fish ,Pounds,Chicken (broilers),234.307,12325.516,,117,12442.516,431.755,101,132,11777.761,10988.65101,7620.211367,50.26636421,46.89851781,32.52233765,
1984,Red Meat Poultry Fish ,Pounds,Chicken (broilers),236.348,12920.828,,101,13021.828,406.766,127,145,12343.062,11503.73378,7985.961114,52.22410175,48.67286283,33.78899383,
1985,Red Meat Poultry Fish ,Pounds,Chicken (broilers),238.466,13519.558,,127,13646.558,416.874,158,143,12928.684,12023.67612,8351.929864,54.21604757,50.42092424,35.02356673,
1986,Red Meat Poultry Fish ,Pounds,Chicken (broilers),240.651,14180.14504,,158,14338.14504,566.157,179.122,149,13443.86604,12381.80062,8604.074266,55.86457584,51.45127435,35.75332854,
1987,Red Meat Poultry Fish ,Pounds,Chicken (broilers),242.804,15413.10304,,179.122,15592.22504,751.552,202.026,151,14487.64704,13241.70939,9214.143517,59.668074,54.53661964,37.94889507,
1988,Red Meat Poultry Fish ,Pounds,Chicken (broilers),245.021,16006.98644,,202.026,16209.01244,765.437073,178.668,156,15108.90736,13416.70974,9367.522565,61.66372418,54.75738707,38.23150899,
1989,Red Meat Poultry Fish ,Pounds,Chicken (broilers),247.342,17227.11096,,178.668,17405.77896,974.714884,221.049,163,16047.01508,13864.62103,9708.444121,64.87784152,56.05445507,39.25109412,
1990,Red Meat Poultry Fish ,Pounds,Chicken (broilers),250.132,18429.89696,,221.049,18650.94596,1143.389162,241.572,155,17110.9848,14749.6689,10317.92383,68.40781986,58.96754072,41.24991538,
1991,Red Meat Poultry Fish ,Pounds,Chicken (broilers),253.493,19591.105,2.2,241.572,19834.877,1260.786604,300.404,162,18111.6864,15557.93861,10903.23521,71.4484676,61.37423366,43.01197749,
1992,Red Meat Poultry Fish ,Pounds,Chicken (broilers),256.894,20903.512,1,300.404,21204.916,1489.291155,367.877,189,19158.74784,16668.11062,11648.51869,74.57841695,64.88322275,45.34367751,
1993,Red Meat Poultry Fish ,Pounds,Chicken (broilers),260.255,22014.91087,1,367.877,22383.78787,1965.734617,357.948,140,19920.10526,17549.61273,12250.86473,76.54072067,67.43237491,47.07254321,
1994,Red Meat Poultry Fish ,Pounds,Chicken (broilers),263.436,23666.03504,1,357.948,24024.98304,2875.51045,458.407,110,20581.06559,18008.43239,12595.61214,78.12548622,68.35980045,47.81279757,
1995,Red Meat Poultry Fish ,Pounds,Chicken (broilers),266.557,24827.13008,1,458.407,25286.53708,3894.073969,560.073,105,20727.39011,18012.102,12602.25319,77.75969158,67.57317198,47.27789248,
1996,Red Meat Poultry Fish ,Pounds,Chicken (broilers),269.667,26123.76705,4,560.073,26687.84005,4481.295383,641.306,106,21459.23867,18562.24145,12982.83939,79.57680646,68.83393759,48.14396791,
1997,Red Meat Poultry Fish ,Pounds,Chicken (broilers),272.912,27041.39407,4.595,641.306,27687.29507,4402.703898,606.845,97,22580.74617,19396.86096,13593.60919,82.74002671,71.07368294,49.80949608,
1998,Red Meat Poultry Fish ,Pounds,Chicken (broilers),276.115,27612.36069,5.508,606.845,28224.71369,4360.630597,711.093,112,23040.9901,19792.21049,13870.67604,83.44707855,71.68104048,50.23514129,
1999,Red Meat Poultry Fish ,Pounds,Chicken (broilers),279.295,29468.23517,4.297,711.093,30183.62517,4584.672307,795.596,97,24706.35686,21222.76054,14873.22683,88.45971771,75.98689752,53.25275006,
2000,Red Meat Poultry Fish ,Pounds,Chicken (broilers),282.385,30209.0053,12.865,795.596,31017.4663,4918.3537,797.573,124,25177.5396,21627.50652,15156.87884,89.16032934,76.5887229,53.67451826,
2001,Red Meat Poultry Fish ,Pounds,Chicken (broilers),285.309019,30937.518,20.3702,797.573,31755.4612,5555.2846,711.754,156,25332.4226,21760.55101,15250.11841,88.78942099,76.27011263,53.45123144,
2002,Red Meat Poultry Fish ,Pounds,Chicken (broilers),288.104818,31894.757,23.2372,711.754,32629.7482,4807.1844,762.664,178,26881.8998,23091.55193,16182.90368,93.30597102,80.14982911,56.17019456,
2003,Red Meat Poultry Fish ,Pounds,Chicken (broilers),290.819634,32398.5817,21.8824,762.664,33183.1281,4920.0127,596.828,171,27495.2874,23618.45188,16552.16301,94.54412352,81.21340211,56.91556236,
2004,Red Meat Poultry Fish ,Pounds,Chicken (broilers),293.463185,33698.8613,33.6942,596.828,34329.3835,4783.4535,701.792,164,28680.138,24636.23854,17265.44308,97.72993502,83.95001418,58.83342088,
2005,Red Meat Poultry Fish ,Pounds,Chicken (broilers),296.186216,34986.4303,41.6385,701.792,35729.8608,5202.73,910.446,176,29440.6848,25289.54824,17723.29225,99.39924011,85.38394725,59.83834254,
2006,Red Meat Poultry Fish ,Pounds,Chicken (broilers),298.995825,35119.7256,58.8314,910.446,36089.003,5205.457,732.308,206,29945.238,25722.95944,18027.03328,100.1526961,86.03116596,60.29192306,
2007,Red Meat Poultry Fish ,Pounds,Chicken (broilers),302.003917,35772.165,79.4026,732.308,36583.8756,5903.997,718.8,180.3731002,29780.7055,25581.62602,17927.98471,98.61032862,84.70627228,59.36341783,
2008,Red Meat Poultry Fish ,Pounds,Chicken (broilers),304.797761,36511.4946,94.7673,718.8,37325.0619,6960.761,744.991,210.8899782,29408.41992,25261.83271,17703.86879,96.48502609,82.88063741,58.08398571,
2009,Red Meat Poultry Fish ,Pounds,Chicken (broilers),307.439406,35130.8344,98.5199,744.991,35974.3453,6817.938,615.916,203.7302391,28336.76106,24341.27775,17058.73016,92.17023097,79.1742284,55.48647905,
2010,Red Meat Poultry Fish ,Pounds,Chicken (broilers),309.76667,36515.063,106.598,615.916,37237.577,6762.148,772.593,215.8464989,29486.9895,25329.32398,17751.16768,95.19096906,81.76904243,57.30496338,
2011,Red Meat Poultry Fish ,Pounds,Chicken (broilers),312.138672,36804.4154,106.976,772.593,37683.9844,6977.611,590.43,227.3765165,29888.56688,25674.27895,17992.91726,95.7541297,82.25279741,57.64398608,
2012,Red Meat Poultry Fish ,Pounds,Chicken (broilers),314.334945,36643.0339,111.471,590.43,37344.9349,7273.793,651.056,211.4275511,29208.65835,25090.23752,17583.61233,92.92208459,79.82007066,55.93909492,
2013,Red Meat Poultry Fish ,Pounds,Chicken (broilers),316.505959,37425.2596,122.099,651.056,38198.4146,7345.325,668.673,204.837976,29979.57862,25752.45804,18047.70633,94.72042397,81.36484419,57.02169523,
2014,Red Meat Poultry Fish ,Pounds,Chicken (broilers),318.839403,38152.5444,116.986,668.673,38938.2034,7297.196,680.13,191.5619767,30769.31542,26430.84195,18523.12788,96.50411817,82.89703751,58.09547914,
2015,Red Meat Poultry Fish ,Pounds,Chicken (broilers),321.132158,39619.7594,130.59,680.13,40430.4794,6320.624,832.332,228.5527709,33048.97063,28389.06577,19895.48032,102.9139244,88.40306106,61.95418249,
2016,Red Meat Poultry Fish ,Pounds,Chicken (broilers),323.34877,40260.6656,130.9,832.332,41223.8976,6644.451,777.551,243.4627108,33558.43289,28826.69385,20202.1766,103.7840128,89.15046701,62.47797571,
1970,Red Meat Poultry Fish ,Pounds,Chicken other than broilers,205.052,777.8837953,,27.726,805.6097953,2.997,51.782,1,749.8307953,749.8307953,512.1344332,3.656783622,3.656783622,2.497583214,
1971,Red Meat Poultry Fish ,Pounds,Chicken other than broilers,207.661,792.3314952,,51.782,844.1134952,2.719,45.212,2,794.1824952,794.1824952,541.6324618,3.824418139,3.824418139,2.608253171,
1972,Red Meat Poultry Fish ,Pounds,Chicken other than broilers,209.896,740.2653227,,45.212,785.4773227,6.14,34.821,2,742.5163227,742.5163227,506.3961321,3.537543939,3.537543939,2.412604967,
1973,Red Meat Poultry Fish ,Pounds,Chicken other than broilers,211.909,699.993,,34.821,734.814,6.804,47.233,3,677.777,677.777,461.566137,3.198434234,3.198434234,2.178133713,
1974,Red Meat Poultry Fish ,Pounds,Chicken other than broilers,213.854,702.01504,,47.233,749.24804,9.407,54.026,3,682.81504,682.81504,464.9970422,3.192902822,3.192902822,2.174366821,
1975,Red Meat Poultry Fish ,Pounds,Chicken other than broilers,215.973,578.35396,,54.026,632.37996,17.003,39.22,2,574.15696,574.15696,390.4267328,2.658466382,2.658466382,1.80775714,
1976,Red Meat Poultry Fish ,Pounds,Chicken other than broilers,218.035,615.631,,39.22,654.851,35.076,42.112,2,575.663,575.663,391.45084,2.640232073,2.640232073,1.79535781,
1977,Red Meat Poultry Fish ,Pounds,Chicken other than broilers,220.239,592.50004,,42.112,634.61204,35.648,28.652,4,566.31204,566.31204,384.5258752,2.571352213,2.571352213,1.745948153,
1978,Red Meat Poultry Fish ,Pounds,Chicken other than broilers,222.585,540.25104,,28.652,568.90304,29.669,15.472,18,505.76204,505.76204,342.9066631,2.272219781,2.272219781,1.540565012,
1979,Red Meat Poultry Fish ,Pounds,Chicken other than broilers,225.055,578.5234,,15.472,593.9954,36.183,30.284,15,512.5284,505.3530024,348.519312,2.277347315,2.245464453,1.548596174,
1980,Red Meat Poultry Fish ,Pounds,Chicken other than broilers,227.726,551.0806,,30.284,581.3646,53.267,21.342,6,500.7556,489.2382212,338.01003,2.198939076,2.148363477,1.484283876,
1981,Red Meat Poultry Fish ,Pounds,Chicken other than broilers,229.966,652.70104,,21.342,674.04304,43.579,28.692,3,598.77204,579.0125627,400.5784948,2.603741597,2.517818124,1.741903128,
1982,Red Meat Poultry Fish ,Pounds,Chicken other than broilers,232.188,620.84204,,28.692,649.53404,23.452,18,3,605.08204,574.827938,398.1439823,2.606000482,2.475700458,1.714748317,
1983,Red Meat Poultry Fish ,Pounds,Chicken other than broilers,234.307,576.948,,18,594.948,17.728,17.939,10,549.281,512.479173,355.384807,2.344279087,2.187212388,1.516748569,
1984,Red Meat Poultry Fish ,Pounds,Chicken other than broilers,236.348,559.025,,17.939,576.964,26.323,12.245,2,536.396,499.921072,347.048212,2.26951783,2.115190617,1.468378036,
1985,Red Meat Poultry Fish ,Pounds,Chicken other than broilers,238.466,524.64096,,12.245,536.88596,20.598,13.1,1,502.18796,467.0348028,324.4134222,2.105910109,1.958496401,1.36041793,
1986,Red Meat Poultry Fish ,Pounds,Chicken other than broilers,240.651,555.729,,13.1,568.829,16.324,7.873,3,541.632,498.843072,346.64448,2.25069499,2.072890086,1.440444793,
1987,Red Meat Poultry Fish ,Pounds,Chicken other than broilers,242.804,571.02,,7.873,578.893,15.499,10.923,2,550.471,503.130494,350.099556,2.267141398,2.072167238,1.441901929,
1988,Red Meat Poultry Fish ,Pounds,Chicken other than broilers,245.021,556.1081915,,10.923,567.0311915,25.662,13.74,3,524.6291915,465.870722,325.2700987,2.141160111,1.901350178,1.327519269,
1989,Red Meat Poultry Fish ,Pounds,Chicken other than broilers,247.342,531.357992,,13.74,545.097992,23.994,6.453,19,495.650992,428.2424571,299.8688502,2.003909534,1.731377838,1.212365268,
1990,Red Meat Poultry Fish ,Pounds,Chicken other than broilers,250.132,520.482,,6.453,526.935,,8.677,13,505.258,435.532396,304.670574,2.019965458,1.741210225,1.218039171,
1991,Red Meat Poultry Fish ,Pounds,Chicken other than broilers,253.493,505.715,,8.677,514.392,,10.165,18,486.227,417.668993,292.708654,1.918108192,1.647654937,1.154701132,
1992,Red Meat Poultry Fish ,Pounds,Chicken other than broilers,256.894,517,,10.165,527.165,,9.966,13,504.199,438.65313,306.552992,1.962673321,1.707525789,1.193305379,
1993,Red Meat Poultry Fish ,Pounds,Chicken other than broilers,260.255,513.416,,9.966,523.382,52.98840062,7.677,12,450.7165994,397.0813241,277.1907086,1.73182686,1.525739463,1.065073519,
1994,Red Meat Poultry Fish ,Pounds,Chicken other than broilers,263.436,507.412,,7.677,515.089,88.21079754,13.67,12,401.2082025,351.0571772,245.5394199,1.522981682,1.332608972,0.93206479,
1995,Red Meat Poultry Fish ,Pounds,Chicken other than broilers,266.557,494.159,3,13.67,510.829,97.5387362,7.254,4,402.0362638,349.3695132,244.4380484,1.50825626,1.31067469,0.917019806,
1996,Red Meat Poultry Fish ,Pounds,Chicken other than broilers,269.667,486.811,,7.254,494.065,263.9949328,5.705,11,213.3650672,184.5607832,129.0858657,0.791216824,0.684402553,0.478686178,
1997,Red Meat Poultry Fish ,Pounds,Chicken other than broilers,272.912,509.246,0.095,5.705,515.046,381.0077411,7.407,28,98.63125895,84.72425144,59.37601789,0.361403159,0.310445314,0.217564702,
1998,Red Meat Poultry Fish ,Pounds,Chicken other than broilers,276.115,523.591,0.370719,7.407,531.368719,423.0934393,6.256,14,88.01927969,75.60856125,52.98760637,0.31877761,0.273829967,0.191904121,
1999,Red Meat Poultry Fish ,Pounds,Chicken other than broilers,279.295,552.343,2.221,6.256,560.82,391.5197293,7.763,14,147.5372707,126.7345155,88.81743697,0.528248879,0.453765787,0.318005825,
2000,Red Meat Poultry Fish ,Pounds,Chicken other than broilers,282.385,529.343,2.4813,7.763,539.5873,219.6245,8.987,46,264.9758,227.6142122,159.5154316,0.938349417,0.806042149,0.564886349,
2001,Red Meat Poultry Fish ,Pounds,Chicken other than broilers,285.309019,515.796,4.1868,8.987,528.9698,181.2875,7.935,73,266.7473,229.1359307,160.5818746,0.934941703,0.803114923,0.562834905,
2002,Red Meat Poultry Fish ,Pounds,Chicken other than broilers,288.104818,547.109,4.1733,7.935,559.2173,132.8378,5.42,110,310.9595,267.1142105,187.197619,1.079327663,0.927142463,0.649755253,
2003,Red Meat Poultry Fish ,Pounds,Chicken other than broilers,290.819634,502.655,4.8101,5.42,512.8851,94.572,3.202,87,328.1111,281.8474349,197.5228822,1.128228846,0.969148579,0.679193765,
2004,Red Meat Poultry Fish ,Pounds,Chicken other than broilers,293.463185,504.299,3.1181,3.202,510.6191,213.932,2.924,52,241.7631,207.6745029,145.5413862,0.823827698,0.707667992,0.495944274,
2005,Red Meat Poultry Fish ,Pounds,Chicken other than broilers,296.186216,516.396,2.8035,2.924,522.1235,129.534,2.15,43,347.4395,298.4505305,209.158579,1.173044123,1.007644902,0.706172562,
2006,Red Meat Poultry Fish ,Pounds,Chicken other than broilers,298.995825,504.759,4.2083,2.15,511.1173,159.351,5.294,43,303.4723,260.6827057,182.6903246,1.014971697,0.871860688,0.611012962,
2007,Red Meat Poultry Fish ,Pounds,Chicken other than broilers,302.003917,498.16,5.7641,5.294,509.2181,167.878,2.247,66.29967343,272.7934266,234.3295534,164.2216428,0.903277776,0.77591561,0.543773221,
2008,Red Meat Poultry Fish ,Pounds,Chicken other than broilers,304.797761,559.169,7.6006,2.247,569.0166,148.112,3.192,83.10462542,334.6079746,287.4282502,201.4340007,1.097803256,0.943012997,0.66087756,
2009,Red Meat Poultry Fish ,Pounds,Chicken other than broilers,307.439406,500.128,7.9576,3.192,511.2776,100.488,2.215,108.3766687,300.1979313,257.870023,180.7191546,0.976445847,0.838766983,0.5878204,
2010,Red Meat Poultry Fish ,Pounds,Chicken other than broilers,309.76667,504.066,4.318,2.215,510.599,79.11,4.153,59.57592276,367.7600772,315.9059063,221.3915665,1.187216421,1.019818905,0.714704285,
2011,Red Meat Poultry Fish ,Pounds,Chicken other than broilers,312.138672,521.3,1.767,4.153,527.22,92.633,1.586,66.46466077,366.5363392,314.8547154,220.6548762,1.174274039,1.0087014,0.706912972,
2012,Red Meat Poultry Fish ,Pounds,Chicken other than broilers,314.334945,516.573,2.286,1.586,520.445,89.708,1.109,66.40777931,363.2202207,312.0061696,218.6585729,1.155519698,0.992591421,0.695622858,
2013,Red Meat Poultry Fish ,Pounds,Chicken other than broilers,316.505959,523.332,2.262,1.109,526.703,108.165,5.955,74.40332165,338.1796784,290.4963437,203.5841664,1.068478077,0.917822668,0.643223802,
2014,Red Meat Poultry Fish ,Pounds,Chicken other than broilers,318.839403,521.176,2.435,5.955,529.566,109.368,3.03,70.26553379,346.9024662,297.9892185,208.8352847,1.088016296,0.934605998,0.65498581,
2015,Red Meat Poultry Fish ,Pounds,Chicken other than broilers,321.132158,522.433,1.735,3.03,527.198,144.628,7.657,49.12715353,325.7858465,279.8500421,196.1230796,1.014491506,0.871448203,0.610723886,
2016,Red Meat Poultry Fish ,Pounds,Chicken other than broilers,323.34877,548.567,2.826,7.657,559.05,158.382,8.242,34.29216413,358.1338359,307.636965,215.5965692,1.107577542,0.951409109,0.66676168,
1970,Red Meat Poultry Fish ,Pounds,Turkey,205.052,1728.522726,,191.923,1920.445726,34.973,218.926,8,1658.546726,,1310.251913,8.088420136,,6.389851908,
1971,Red Meat Poultry Fish ,Pounds,Turkey,207.661,1772.344808,,218.926,1991.270808,23.03,223.111,4,1741.129808,,1375.492548,8.384481476,,6.623740366,
1972,Red Meat Poultry Fish ,Pounds,Turkey,209.896,1909.165887,,223.111,2132.276887,36.389,208.083,5,1882.804887,,1487.41586,8.97017993,,7.086442145,
1973,Red Meat Poultry Fish ,Pounds,Turkey,211.909,1908,,208.083,2116.083,49.959,280.957,4,1781.167,,1407.12193,8.405339084,,6.640217877,
1974,Red Meat Poultry Fish ,Pounds,Turkey,213.854,1890.41196,,280.957,2171.36896,39.593,275.027,3,1853.74896,,1464.461678,8.668292199,,6.847950837,
1975,Red Meat Poultry Fish ,Pounds,Turkey,215.973,1755.02496,,275.027,2030.05196,47.307,195.177,5,1782.56796,,1408.228688,8.253661152,,6.52039231,
1976,Red Meat Poultry Fish ,Pounds,Turkey,218.035,2015.664,,195.177,2210.841,65.17,203.355,6,1936.316,,1529.68964,8.880757677,,7.015798564,
1977,Red Meat Poultry Fish ,Pounds,Turkey,220.239,1945.589004,,203.355,2148.944004,53.873,167.943,2,1925.128004,,1520.851123,8.741085839,,6.905457812,
1978,Red Meat Poultry Fish ,Pounds,Turkey,222.585,2002.968,,167.943,2170.911,51.067,175.097,6,1938.747,,1531.61013,8.710142195,,6.881012334,
1979,Red Meat Poultry Fish ,Pounds,Turkey,225.055,2199.734,,175.097,2374.831,50.01,240.039,7,2077.782,,1641.44778,9.232329875,,7.293540601,
1980,Red Meat Poultry Fish ,Pounds,Turkey,227.726,2369.54604,,240.039,2609.58504,75.066,197.983,6,2330.53604,,1841.123472,10.23394799,,8.084818912,
1981,Red Meat Poultry Fish ,Pounds,Turkey,229.966,2536.4454,,197.983,2734.4284,62.984,238.433,5,2428.0114,,1918.129006,10.55813207,,8.340924337,
1982,Red Meat Poultry Fish ,Pounds,Turkey,232.188,2472.399004,,238.433,2710.832004,51.025,203.906,5,2450.901004,,1936.211793,10.55567473,,8.338983036,
1983,Red Meat Poultry Fish ,Pounds,Turkey,234.307,2590.258,,203.906,2794.164,47.322,161.753,7,2578.089,,2036.69031,11.00303875,,8.692400611,
1984,Red Meat Poultry Fish ,Pounds,Turkey,236.348,2601.152,,161.753,2762.905,26.544,125.32,7,2604.041,,2057.19239,11.01782541,,8.704082075,
1985,Red Meat Poultry Fish ,Pounds,Turkey,238.466,2817.493,,125.32,2942.813,27.211,150.203,7,2758.399,,2179.13521,11.56726326,,9.138137974,
1986,Red Meat Poultry Fish ,Pounds,Turkey,240.651,3155.2496,,150.203,3305.4526,26.637,178.226,4,3096.5896,,2446.305784,12.86755343,,10.16536721,
1987,Red Meat Poultry Fish ,Pounds,Turkey,242.804,3701.302,,178.226,3879.528,33.096,266.211,4,3576.221,,2825.21459,14.7288389,,11.63578273,
1988,Red Meat Poultry Fish ,Pounds,Turkey,245.021,3878.820217,,266.211,4145.031217,50.902,249.749,5,3839.380217,,3033.110371,15.66959655,,12.37898128,
1989,Red Meat Poultry Fish ,Pounds,Turkey,247.342,4135.605,,249.749,4385.354,40.58,235.939,10,4098.835,,3238.07965,16.57152849,,13.09150751,
1990,Red Meat Poultry Fish ,Pounds,Turkey,250.132,4514.27308,,235.939,4750.21208,53.939,306.416,12,4377.85708,,3458.507093,17.50218717,,13.82672786,
1991,Red Meat Poultry Fish ,Pounds,Turkey,253.493,4602.543,,306.416,4908.959,122.042,264.132,19,4503.785,,3557.99015,17.76690086,,14.03585168,
1992,Red Meat Poultry Fish ,Pounds,Turkey,256.894,4777,,264,5041,201.83,271.721,15,4552.449,,3596.43471,17.72111844,,13.99968357,
1993,Red Meat Poultry Fish ,Pounds,Turkey,260.255,4797.725143,,271.721,5069.446143,243.7042048,249.053,12,4564.688938,,3606.104261,17.53929392,,13.85604219,
1994,Red Meat Poultry Fish ,Pounds,Turkey,263.436,4937.460292,,249.053,5186.513292,280.4241904,254.443,15,4636.646101,,3662.95042,17.60065481,,13.9045173,
1995,Red Meat Poultry Fish ,Pounds,Turkey,266.557,5069.424311,2,254.443,5325.867311,348.0127289,271.332,17,4689.522582,,3704.72284,17.59294478,,13.89842638,
1996,Red Meat Poultry Fish ,Pounds,Turkey,269.667,5400.577146,1,271.332,5672.909146,437.7937486,327.951,13,4894.164397,,3866.389874,18.14891847,,14.33764559,
1997,Red Meat Poultry Fish ,Pounds,Turkey,272.912,5411.899658,0.854,327.951,5740.704658,605.8420217,415.053,15,4704.809637,,3716.799613,17.23929192,,13.61904062,
1998,Red Meat Poultry Fish ,Pounds,Turkey,276.115,5214.985925,0.135,415.053,5630.173925,446.1440961,304.309,14,4865.720829,,3843.919455,17.62208076,,13.9214438,
1999,Red Meat Poultry Fish ,Pounds,Turkey,279.295,5230.182434,0.616,304.309,5535.107434,378.4019131,254.251,14,4888.45452,,3861.879071,17.50283578,,13.82724027,
2000,Red Meat Poultry Fish ,Pounds,Turkey,282.385,5333.4998,1.0852,254.251,5588.836,445.2671,241.284,20,4882.2849,,3857.005071,17.28946261,,13.65867546,
2001,Red Meat Poultry Fish ,Pounds,Turkey,285.309019,5489.3969,0.9259,241.284,5731.6068,486.9994,240.524,14,4990.0834,,3942.165886,17.49010044,,13.81717935,
2002,Red Meat Poultry Fish ,Pounds,Turkey,288.104818,5637.8952,1.1316,240.524,5879.5508,438.5794,333.047,15,5092.9244,,4023.410276,17.67733159,,13.96509195,
2003,Red Meat Poultry Fish ,Pounds,Turkey,290.819634,5576.3373,2.179,333.047,5911.5633,483.7144,354.039,12,5061.8099,,3998.829821,17.40532381,,13.75020581,
2004,Red Meat Poultry Fish ,Pounds,Turkey,293.463185,5382.5457,4.9298,354.039,5741.5145,442.4995,288.357,14,4996.658,,3947.35982,17.02652413,,13.45095406,
2005,Red Meat Poultry Fish ,Pounds,Turkey,296.186216,5432.2065,9.2133,288.357,5729.7768,569.6,206.166,18,4936.0108,,3899.448532,16.66522793,,13.16553007,
2006,Red Meat Poultry Fish ,Pounds,Turkey,298.995825,5607.3092,15.7703,206.166,5829.2455,546.609,218.356,18,5046.2805,,3986.561595,16.87742797,,13.3331681,
2007,Red Meat Poultry Fish ,Pounds,Turkey,302.003917,5872.8366,15.891,218.356,6107.0836,546.521,260.594,24.52542357,5275.443176,,4167.600109,17.46812832,,13.79982138,
2008,Red Meat Poultry Fish ,Pounds,Turkey,304.797761,6164.6047,13.9968,260.594,6439.1955,675.248,396.144,15.58623881,5352.217261,,4228.251636,17.55989691,,13.87231856,
2009,Red Meat Poultry Fish ,Pounds,Turkey,307.439406,5589.1108,20.4093,396.144,6005.6641,533.834,261.838,22.06727155,5187.924828,,4098.460614,16.87462546,,13.33095411,
2010,Red Meat Poultry Fish ,Pounds,Turkey,309.76667,5570.0636,25.166,261.838,5857.0676,581.301,191.56,17.75054991,5066.45605,,4002.50028,16.35571719,,12.92101658,
2011,Red Meat Poultry Fish ,Pounds,Turkey,312.138672,5714.6474,20.503,191.56,5926.7104,702.594,210.787,19.46950519,4993.859895,,3945.149317,15.99885033,,12.63909176,
2012,Red Meat Poultry Fish ,Pounds,Turkey,314.334945,5889.0909,22.013,210.787,6121.8909,796.985,296.479,18.4469946,5009.979905,,3957.884125,15.93834852,,12.59129533,
2013,Red Meat Poultry Fish ,Pounds,Turkey,316.505959,5729.4864,20.198,296.479,6046.1634,740.604,237.407,20.31711645,5047.835284,,3987.789874,15.94862637,,12.59941483,
2014,Red Meat Poultry Fish ,Pounds,Turkey,318.839403,5755.631,27.131,237.407,6020.169,774.754,193.429,21.22459644,5030.761404,,3974.301509,15.77835536,,12.46490074,
2015,Red Meat Poultry Fish ,Pounds,Turkey,321.132158,5626.648,44.961,193.429,5865.038,528.954,201.011,19.94727777,5115.125722,,4040.949321,15.92841326,,12.58344647,
2016,Red Meat Poultry Fish ,Pounds,Turkey,323.34877,5981.101,50.164,201.011,6232.276,569.163,278.741,12.28477234,5372.087228,,4243.94891,16.61390958,,13.12498857,
1970,Red Meat Poultry Fish ,Pounds,Fresh and frozen fish and shellfish,205.052,615,890,233,"1,738",81,251,,"1,406",,,,,6.8567973,
1971,Red Meat Poultry Fish ,Pounds,Fresh and frozen fish and shellfish,207.661,630,864,251,"1,745",102,242,,"1,401",,,,,6.746572539,
1972,Red Meat Poultry Fish ,Pounds,Fresh and frozen fish and shellfish,209.896,623,"1,060",242,"1,925",96,335,,"1,494",,,,,7.117810725,
1973,Red Meat Poultry Fish ,Pounds,Fresh and frozen fish and shellfish,211.909,657,"1,091",335,"2,083",147,373,,"1,563",,,,,7.37580754,
1974,Red Meat Poultry Fish ,Pounds,Fresh and frozen fish and shellfish,213.854,658,902,373,"1,933",112,344,,"1,477",,,,,6.906581125,
1975,Red Meat Poultry Fish ,Pounds,Fresh and frozen fish and shellfish,215.973,717,982,344,"2,043",135,290,,"1,618",,,,,7.4916772,
1976,Red Meat Poultry Fish ,Pounds,Fresh and frozen fish and shellfish,218.035,788,"1,147",290,"2,225",154,296,,"1,775",,,,,8.14089481,
1977,Red Meat Poultry Fish ,Pounds,Fresh and frozen fish and shellfish,220.239,814,"1,130",296,"2,240",205,335,,"1,700",,,,,7.718887209,
1978,Red Meat Poultry Fish ,Pounds,Fresh and frozen fish and shellfish,222.585,911,"1,156",335,"2,402",271,338,,"1,793",,,,,8.055349642,
1979,Red Meat Poultry Fish ,Pounds,Fresh and frozen fish and shellfish,225.055,957,"1,169",338,"2,464",337,367,,"1,760",,,,,7.820310591,
1980,Red Meat Poultry Fish ,Pounds,Fresh and frozen fish and shellfish,227.726,"1,023","1,013",367,"2,403",324,296,,"1,783",,,,,7.829584676,
1981,Red Meat Poultry Fish ,Pounds,Fresh and frozen fish and shellfish,229.966,"1,026","1,097",296,"2,419",377,264,,"1,778",,,,,7.731577711,
1982,Red Meat Poultry Fish ,Pounds,Fresh and frozen fish and shellfish,232.188,"1,082","1,159",264,"2,505",388,298,,"1,819",,,,,7.834168863,
1983,Red Meat Poultry Fish ,Pounds,Fresh and frozen fish and shellfish,234.307,"1,035","1,306",298,"2,639",345,340,,"1,954",,,,,8.33948623,
1984,Red Meat Poultry Fish ,Pounds,Fresh and frozen fish and shellfish,236.348,"1,105","1,300",340,"2,745",337,295,,"2,113",,,,,8.940206814,
1985,Red Meat Poultry Fish ,Pounds,Fresh and frozen fish and shellfish,238.466,"1,228","1,459",295,"2,982",379,280,,"2,323",,,,,9.741430644,
1986,Red Meat Poultry Fish ,Pounds,Fresh and frozen fish and shellfish,240.651,"1,214","1,546",280,"3,040",430,264,,"2,346",,,,,9.748557039,
1987,Red Meat Poultry Fish ,Pounds,Fresh and frozen fish and shellfish,242.804,"1,425","1,740",264,"3,429",495,354,,"2,580",,,,,10.6258546,
1988,Red Meat Poultry Fish ,Pounds,Fresh and frozen fish and shellfish,245.021,"1,537","1,559",354,"3,450",671,338,,"2,441",,,,,9.962411385,
1989,Red Meat Poultry Fish ,Pounds,Fresh and frozen fish and shellfish,247.342,"1,799","1,566",338,"3,703",839,349,,"2,515",,,,,10.16810732,
1990,Red Meat Poultry Fish ,Pounds,Fresh and frozen fish and shellfish,250.132,"1,763","1,575",349,"3,687","1,022",273,,"2,392",,,,,9.562950762,
1991,Red Meat Poultry Fish ,Pounds,Fresh and frozen fish and shellfish,253.493,"2,164","1,619",273,"4,056","1,313",305,,"2,438",,,,,9.617622577,
1992,Red Meat Poultry Fish ,Pounds,Fresh and frozen fish and shellfish,256.894,"2,355","1,564",305,"4,224","1,408",306,,"2,510",,,,,9.770566849,
1993,Red Meat Poultry Fish ,Pounds,Fresh and frozen fish and shellfish,260.255,"2,403","1,649",306,"4,358","1,437",305,,"2,616",,,,,10.05168008,
1994,Red Meat Poultry Fish ,Pounds,Fresh and frozen fish and shellfish,263.436,"2,388","1,691",305,"4,384","1,413",275,,"2,696",,,,,10.23398472,
1995,Red Meat Poultry Fish ,Pounds,Fresh and frozen fish and shellfish,266.557,"2,358","1,724",275,"4,357","1,433",310,,"2,614",,,,,9.806532937,
1996,Red Meat Poultry Fish ,Pounds,Fresh and frozen fish and shellfish,269.667,"2,251","1,864",310,"4,425","1,494",291,,"2,640",,,,,9.789851928,
1997,Red Meat Poultry Fish ,Pounds,Fresh and frozen fish and shellfish,272.912,"2,194","1,960",291,"4,445","1,486",322,,"2,637",,,,,9.662455297,
1998,Red Meat Poultry Fish ,Pounds,Fresh and frozen fish and shellfish,276.115,"2,142","2,097",322,"4,561","1,501",323,,"2,737",,,,,9.912536443,
1999,Red Meat Poultry Fish ,Pounds,Fresh and frozen fish and shellfish,279.295,"1,974","2,211",323,"4,508","1,383",307,,"2,818",,,,,10.08969011,
2000,Red Meat Poultry Fish ,Pounds,Fresh and frozen fish and shellfish,282.385,"2,100","2,350",307,"4,757","1,574",307,,"2,876",,,,,10.18467695,
2001,Red Meat Poultry Fish ,Pounds,Fresh and frozen fish and shellfish,285.309019,"2,210","2,654",307,"5,171","1,943",307,,"2,921",,,,,10.23802195,
2002,Red Meat Poultry Fish ,Pounds,Fresh and frozen fish and shellfish,288.104818,"2,071","2,842",307,"5,220","1,757",298,,"3,165",,,,,10.98558511,
2003,Red Meat Poultry Fish ,Pounds,Fresh and frozen fish and shellfish,290.819634,"1,963","3,082",,"5,045","1,744",,,"3,301",,,,,11.35067793,
2004,Red Meat Poultry Fish ,Pounds,Fresh and frozen fish and shellfish,293.463185,"2,304","3,276",,"5,580","2,130",,,"3,450",,,,,11.75615947,
2005,Red Meat Poultry Fish ,Pounds,Fresh and frozen fish and shellfish,296.186216,"2,362","3,202",,"5,564","2,138",,,"3,426",,,,,11.5670474,
2006,Red Meat Poultry Fish ,Pounds,Fresh and frozen fish and shellfish,298.995825,"2,432","3,435",,"5,867","2,189",,,"3,678",,,,,12.30117511,
2007,Red Meat Poultry Fish ,Pounds,Fresh and frozen fish and shellfish,302.003917,"2,378","3,403",,"5,781","2,145",,,"3,636",,,,,12.03957894,
2008,Red Meat Poultry Fish ,Pounds,Fresh and frozen fish and shellfish,304.797761,"2,207","3,333",,"5,540","1,964",,,"3,576",,,,,11.73236965,
2009,Red Meat Poultry Fish ,Pounds,Fresh and frozen fish and shellfish,307.439406,"2,207","3,323",,"5,530","1,920",,,"3,610",,,,,11.74215123,
2010,Red Meat Poultry Fish ,Pounds,Fresh and frozen fish and shellfish,309.76667,"2,230","3,434",,"5,664","2,100",,,"3,564",,,,,11.50543407,
2011,Red Meat Poultry Fish ,Pounds,Fresh and frozen fish and shellfish,312.138672,"2,446","3,494",,"5,940","2,552",,,"3,388",,,,,10.85415011,
2012,Red Meat Poultry Fish ,Pounds,Fresh and frozen fish and shellfish,314.334945,"2,302","3,526",,"5,828","2,539",,,"3,289",,,,,10.46336099,
2013,Red Meat Poultry Fish ,Pounds,Fresh and frozen fish and shellfish,316.505959,"2,281","3,606",,"5,887","2,596",,,"3,291",,,,,10.3979085,
2014,Red Meat Poultry Fish ,Pounds,Fresh and frozen fish and shellfish,318.839403,"2,449","3,661",,"6,110","2,650",,,"3,460",,,,,10.85185823,
2015,Red Meat Poultry Fish ,Pounds,Fresh and frozen fish and shellfish,321.132158,"2,347","3,776",,"6,123","2,447",,,"3,676",,,,,11.44700058,
2016,Red Meat Poultry Fish ,Pounds,Fresh and frozen fish and shellfish,323.34877,"2,121","3,852",,"5,973","2,329",,,"3,644",,,,,11.26956506,
1970,Red Meat Poultry Fish ,Pounds,Canned fish and shelffish,205.052,745,238,161,"1,144",47,186,,911,,,,,4.442775491,
1971,Red Meat Poultry Fish ,Pounds,Canned fish and shelffish,207.661,757,192,186,"1,135",48,196,,891,,,,,4.290646775,
1972,Red Meat Poultry Fish ,Pounds,Canned fish and shelffish,209.896,866,247,196,"1,309",55,218,,"1,036",,,,,4.935777718,
1973,Red Meat Poultry Fish ,Pounds,Canned fish and shelffish,211.909,865,231,218,"1,314",58,205,,"1,051",,,,,4.959676087,
1974,Red Meat Poultry Fish ,Pounds,Canned fish and shelffish,213.854,892,267,205,"1,364",43,314,,"1,007",,,,,4.708820036,
1975,Red Meat Poultry Fish ,Pounds,Canned fish and shelffish,215.973,748,162,299,"1,209",51,246,,912,,,,,4.222750066,
1976,Red Meat Poultry Fish ,Pounds,Canned fish and shelffish,218.035,846,217,246,"1,309",55,329,,925,,,,,4.242438141,
1977,Red Meat Poultry Fish ,Pounds,Canned fish and shelffish,220.239,864,178,329,"1,371",55,320,,996,,,,,4.5223598,
1978,Red Meat Poultry Fish ,Pounds,Canned fish and shelffish,222.585,"1,018",191,320,"1,529",68,359,,"1,102",,,,,4.950917627,
1979,Red Meat Poultry Fish ,Pounds,Canned fish and shelffish,225.055,903,198,359,"1,460",81,300,,"1,079",,,,,4.794383595,
1980,Red Meat Poultry Fish ,Pounds,Canned fish and shelffish,227.726,891,212,300,"1,403",106,326,,971,,,,,4.263896086,
1981,Red Meat Poultry Fish ,Pounds,Canned fish and shelffish,229.966,921,204,326,"1,451",102,301,,"1,048",,,,,4.557195411,
1982,Red Meat Poultry Fish ,Pounds,Canned fish and shelffish,232.188,806,224,301,"1,331",71,270,,990,,,,,4.263786242,
1983,Red Meat Poultry Fish ,Pounds,Canned fish and shelffish,234.307,855,258,270,"1,383",74,216,,"1,093",,,,,4.664820086,
1984,Red Meat Poultry Fish ,Pounds,Canned fish and shelffish,236.348,"1,009",316,216,"1,541",64,326,,"1,151",,,,,4.86993755,
1985,Red Meat Poultry Fish ,Pounds,Canned fish and shelffish,238.466,812,414,326,"1,552",61,306,,"1,185",,,,,4.969261865,
1986,Red Meat Poultry Fish ,Pounds,Canned fish and shelffish,240.651,878,439,306,"1,623",81,249,,"1,293",,,,,5.372925938,
1987,Red Meat Poultry Fish ,Pounds,Canned fish and shelffish,242.804,891,429,249,"1,569",55,257,,"1,257",,,,,5.177015206,
1988,Red Meat Poultry Fish ,Pounds,Canned fish and shelffish,245.021,839,429,257,"1,525",63,266,,"1,196",,,,,4.881214263,
1989,Red Meat Poultry Fish ,Pounds,Canned fish and shelffish,247.342,969,533,266,"1,768",138,372,,"1,258",,,,,5.086075151,
1990,Red Meat Poultry Fish ,Pounds,Canned fish and shelffish,250.132,876,458,372,"1,706",100,335,,"1,271",,,,,5.081317065,
1991,Red Meat Poultry Fish ,Pounds,Canned fish and shelffish,253.493,897,513,335,"1,745",148,366,,"1,231",,,,,4.856149874,
1992,Red Meat Poultry Fish ,Pounds,Canned fish and shelffish,256.894,768,469,366,"1,603",178,259,,"1,166",,,,,4.53883703,
1993,Red Meat Poultry Fish ,Pounds,Canned fish and shelffish,260.255,925,382,259,"1,566",127,285,,"1,154",,,,,4.434112697,
1994,Red Meat Poultry Fish ,Pounds,Canned fish and shelffish,263.436,896,419,285,"1,600",138,295,,"1,167",,,,,4.429918462,
1995,Red Meat Poultry Fish ,Pounds,Canned fish and shelffish,266.557,"1,017",378,295,"1,690",140,321,,"1,229",,,,,4.610646128,
1996,Red Meat Poultry Fish ,Pounds,Canned fish and shelffish,269.667,972,354,321,"1,647",155,306,,"1,186",,,,,4.398016813,
1997,Red Meat Poultry Fish ,Pounds,Canned fish and shelffish,272.912,879,387,306,"1,572",129,271,,"1,172",,,,,4.294424576,
1998,Red Meat Poultry Fish ,Pounds,Canned fish and shelffish,276.115,925,428,271,"1,624",144,296,,"1,184",,,,,4.288068377,
1999,Red Meat Poultry Fish ,Pounds,Canned fish and shelffish,279.295,985,546,296,"1,827",167,412,,"1,248",,,,,4.468393634,
2000,Red Meat Poultry Fish ,Pounds,Canned fish and shelffish,282.385,991,512,,"1,503",170,,,"1,333",,,,,4.720505693,
2001,Red Meat Poultry Fish ,Pounds,Canned fish and shelffish,285.309019,835,539,,"1,374",183,,,"1,191",,,,,4.174421139,
2002,Red Meat Poultry Fish ,Pounds,Canned fish and shelffish,288.104818,875,575,,"1,450",200,,,"1,250",,,,,4.338698702,
2003,Red Meat Poultry Fish ,Pounds,Canned fish and shelffish,290.819634,796,748,,"1,544",183,,,"1,361",,,,,4.6798766,
2004,Red Meat Poultry Fish ,Pounds,Canned fish and shelffish,293.463185,787,745,,"1,532",216,,,"1,316",,,,,4.484378509,
2005,Red Meat Poultry Fish ,Pounds,Canned fish and shelffish,296.186216,736,748,,"1,484",214,,,"1,270",,,,,4.287843024,
2006,Red Meat Poultry Fish ,Pounds,Canned fish and shelffish,298.995825,634,724,,"1,358",195,,,"1,163",,,,,3.88968642,
2007,Red Meat Poultry Fish ,Pounds,Canned fish and shelffish,302.003917,661,702,,"1,363",177,,,"1,186",,,,,3.927101383,
2008,Red Meat Poultry Fish ,Pounds,Canned fish and shelffish,304.797761,672,707,,"1,379",187,,,"1,192",,,,,3.910789883,
2009,Red Meat Poultry Fish ,Pounds,Canned fish and shelffish,307.439406,582,716,,"1,298",167,,,"1,131",,,,,3.678773696,
2010,Red Meat Poultry Fish ,Pounds,Canned fish and shelffish,309.76667,620,770,,"1,390",167,,,"1,223",,,,,3.948132961,
2011,Red Meat Poultry Fish ,Pounds,Canned fish and shelffish,312.138672,567,752,,"1,319",158,,,"1,161",,,,,3.719500671,
2012,Red Meat Poultry Fish ,Pounds,Canned fish and shelffish,314.334945,531,685,,"1,216",134,,,"1,082",,,,,3.442188077,
2013,Red Meat Poultry Fish ,Pounds,Canned fish and shelffish,316.505959,617,682,,"1,299",144,,,"1,155",,,,,3.649220393,
2014,Red Meat Poultry Fish ,Pounds,Canned fish and shelffish,318.839403,508,688,,"1,196",132,,,"1,064",,,,,3.337103225,
2015,Red Meat Poultry Fish ,Pounds,Canned fish and shelffish,321.132158,625,698,,"1,323",139,,,"1,184",,,,,3.686955574,
2016,Red Meat Poultry Fish ,Pounds,Canned fish and shelffish,323.34877,494,689,,"1,183",109,,,"1,074",,,,,3.321490909,
1970,Red Meat Poultry Fish ,Pounds,Cured fish and shelffish,205.052,52,54,4,110,10,9,,91,,,,,0.443789868,
1971,Red Meat Poultry Fish ,Pounds,Cured fish and shelffish,207.661,55,49,9,113,9,10,,94,,,,,0.452660827,
1972,Red Meat Poultry Fish ,Pounds,Cured fish and shelffish,209.896,53,43,10,106,8,6,,92,,,,,0.438312307,
1973,Red Meat Poultry Fish ,Pounds,Cured fish and shelffish,211.909,50,48,6,104,10,8,,86,,,,,0.40583458,
1974,Red Meat Poultry Fish ,Pounds,Cured fish and shelffish,213.854,55,50,8,113,9,7,,97,,,,,0.45358048,
1975,Red Meat Poultry Fish ,Pounds,Cured fish and shelffish,215.973,51,50,7,108,10,7,,91,,,,,0.421348965,
1976,Red Meat Poultry Fish ,Pounds,Cured fish and shelffish,218.035,48,70,7,125,14,7,,104,,,,,0.47698764,
1977,Red Meat Poultry Fish ,Pounds,Cured fish and shelffish,220.239,54,58,7,119,24,7,,88,,,,,0.399565926,
1978,Red Meat Poultry Fish ,Pounds,Cured fish and shelffish,222.585,48,68,7,123,36,6,,81,,,,,0.363905924,
1979,Red Meat Poultry Fish ,Pounds,Cured fish and shelffish,225.055,51,63,6,120,32,5,,83,,,,,0.368798738,
1980,Red Meat Poultry Fish ,Pounds,Cured fish and shelffish,227.726,57,56,5,118,41,4,,73,,,,,0.320560674,
1981,Red Meat Poultry Fish ,Pounds,Cured fish and shelffish,229.966,43,73,4,120,49,4,,67,,,,,0.291347417,
1982,Red Meat Poultry Fish ,Pounds,Cured fish and shelffish,232.188,46,69,4,119,49,1,,69,,,,,0.297172981,
1983,Red Meat Poultry Fish ,Pounds,Cured fish and shelffish,234.307,55,65,1,121,45,6,,70,,,,,0.298753345,
1984,Red Meat Poultry Fish ,Pounds,Cured fish and shelffish,236.348,60,68,6,134,39,25,,70,,,,,0.296173439,
1985,Red Meat Poultry Fish ,Pounds,Cured fish and shelffish,238.466,59,54,25,138,45,22,,71,,,,,0.297736365,
1986,Red Meat Poultry Fish ,Pounds,Cured fish and shelffish,240.651,55,59,22,136,39,25,,72,,,,,0.299188451,
1987,Red Meat Poultry Fish ,Pounds,Cured fish and shelffish,242.804,41,64,25,130,35,23,,72,,,,,0.296535477,
1988,Red Meat Poultry Fish ,Pounds,Cured fish and shelffish,245.021,41,63,23,127,52,2,,73,,,,,0.297933647,
1989,Red Meat Poultry Fish ,Pounds,Cured fish and shelffish,247.342,50,66,2,118,28,16,,74,,,,,0.299180891,
1990,Red Meat Poultry Fish ,Pounds,Cured fish and shelffish,250.132,33,71,16,120,20,25,,75,,,,,0.299841684,
1991,Red Meat Poultry Fish ,Pounds,Cured fish and shelffish,253.493,29,68,25,122,23,24,,75,,,,,0.295866158,
1992,Red Meat Poultry Fish ,Pounds,Cured fish and shelffish,256.894,34,67,24,125,16,33,,76,,,,,0.295841865,
1993,Red Meat Poultry Fish ,Pounds,Cured fish and shelffish,260.255,21,69,33,123,16,30,,77,,,,,0.295863672,
1994,Red Meat Poultry Fish ,Pounds,Cured fish and shelffish,263.436,21,70,30,121,11,32,,78,,,,,0.296087095,
1995,Red Meat Poultry Fish ,Pounds,Cured fish and shelffish,266.557,22,71,32,125,13,23,,89,,,,,0.333887311,
1996,Red Meat Poultry Fish ,Pounds,Cured fish and shelffish,269.667,28,67,23,118,23,16,,79,,,,,0.292953902,
1997,Red Meat Poultry Fish ,Pounds,Cured fish and shelffish,272.912,26,69,16,111,11,20,,80,,,,,0.293134783,
1998,Red Meat Poultry Fish ,Pounds,Cured fish and shelffish,276.115,21,72,20,113,15,17,,81,,,,,0.293356029,
1999,Red Meat Poultry Fish ,Pounds,Cured fish and shelffish,279.295,32,69,17,118,22,15,,81,,,,,0.290015933,
2000,Red Meat Poultry Fish ,Pounds,Cured fish and shelffish,282.385,31,69,15,115,14,19,,82,,,,,0.290383696,
2001,Red Meat Poultry Fish ,Pounds,Cured fish and shelffish,285.309019,32,72,19,123,23,15,,85,,,,,0.297922583,
2002,Red Meat Poultry Fish ,Pounds,Cured fish and shelffish,288.104818,33,70,15,118,19,14,,85,,,,,0.295031512,
2003,Red Meat Poultry Fish ,Pounds,Cured fish and shelffish,290.819634,27,71,,98,11,,,87,,,,,0.299154492,
2004,Red Meat Poultry Fish ,Pounds,Cured fish and shelffish,293.463185,28,70,,98,10,,,88,,,,,0.299867256,
2005,Red Meat Poultry Fish ,Pounds,Cured fish and shelffish,296.186216,16,83,,99,11,,,88,,,,,0.297110383,
2006,Red Meat Poultry Fish ,Pounds,Cured fish and shelffish,298.995825,22,87,,109,12,,,97,,,,,0.324419246,
2007,Red Meat Poultry Fish ,Pounds,Cured fish and shelffish,302.003917,10,89,,99,9,,,90,,,,,0.29800938,
2008,Red Meat Poultry Fish ,Pounds,Cured fish and shelffish,304.797761,10,93,,103,10,,,93,,,,,0.305120352,
2009,Red Meat Poultry Fish ,Pounds,Cured fish and shelffish,307.439406,21,91,,112,5,,,107,,,,,0.348036061,
2010,Red Meat Poultry Fish ,Pounds,Cured fish and shelffish,309.76667,18,92,,110,4,,,106,,,,,0.342193045,
2011,Red Meat Poultry Fish ,Pounds,Cured fish and shelffish,312.138672,25,90,,115,7,,,108,,,,,0.346000062,
2012,Red Meat Poultry Fish ,Pounds,Cured fish and shelffish,314.334945,22,94,,116,11,,,105,,,,,0.334038584,
2013,Red Meat Poultry Fish ,Pounds,Cured fish and shelffish,316.505959,10,94,,104,15,,,89,,,,,0.281195338,
2014,Red Meat Poultry Fish ,Pounds,Cured fish and shelffish,318.839403,25,91,,116,12,,,104,,,,,0.326183022,
2015,Red Meat Poultry Fish ,Pounds,Cured fish and shelffish,321.132158,23,100,,123,12,,,111,,,,,0.345652085,
2016,Red Meat Poultry Fish ,Pounds,Cured fish and shelffish,323.34877,12,101,,113,8,,,105,,,,,0.324726765,
